collected_from_url;id;thread_id;author;author_full;author_followers;author_likes;author_videos;author_avatar;body;stickers;timestamp;unix_timestamp;is_duet;is_ad;is_paid_partnership;is_sensitive;is_photosensitive;music_name;music_id;music_url;music_thumbnail;music_author;video_url;tiktok_url;thumbnail_url;likes;comments;shares;plays;hashtags;challenges;diversification_labels;location_created;effects;warning
https://www.tiktok.com/search?q=#amigurumi&t=1786116607011;7665749683641388309;7665749683641388309;crochemel_;Stef🍯 amigurumis;1219;16000;115;https://p16-common-sign.tiktokcdn.com/tos-maliva-avt-0068/5dd8ab3703dc48ada1d504a869bdcfa4~tplv-tiktokx-cropcenter:100:100.jpeg?dr=14579&refresh_token=8fbe7700&x-expires=1786287600&x-signature=vZJQ4QEtNcaLQj6tSz%2BK57UxqOo%3D&t=4d5b0474&ps=13740610&shp=a5d48078&shcp=81f88b70&idc=my2;Mesinha na feira de hoje 💖 #crochet #amigurumi #fyp #artesanato ;;2026-07-23 15:44:03;1784821443;no;no;no;no;no;Married Life;6744202642718722050;https://sf16-ies-music-sg.tiktokcdn.com/obj/tos-alisg-ve-2774/o84mIoiBnNfAD4kOszt1WUGMx1ibbsBGhKAxmw;https://p77-sg.tiktokcdn.com/aweme/720x720/tos-alisg-v-2774/oQGBTAitYIBAs5wOLmAQi81Af4oAAzEWpWEHdb.jpeg;Michael Giacchino;https://v16-webapp-prime.tiktok.com/video/tos/alisg/tos-alisg-ve-37c815-sg/oMoCx3KAFGgGLPNGQGojK9ezIfDLmYIUAIeET9/?a=1988&bti=ODszNWYuMDE6&&bt=1829&ft=-Csk_mrMPD12NxzDvn-UxGe5PY6e3wv25UcAp&mime_type=video_mp4&rc=ZTY3Mzs4NDVlNDc2NTg6aUBpM3kzdm05cnk2PDMzODczNEBhMDM2YzYxNi4xXl9hMGIxYSNzNmk2MmRrYGVhLS1kMTFzcw%3D%3D&expire=1786289433&l=2026080723300738893901676D6B9314FE&ply_type=2&policy=2&signature=350c093e29e831ee335c7756a1ea20a0&tk=tt_chain_token&btag=e000b8000;https://www.tiktok.com/@crochemel_/video/7665749683641388309;https://p16-common-sign.tiktokcdn.com/tos-alisg-p-0037/ok9GsTAogIBVPaKUAeG6INIiezI9iCDofGNjxL~tplv-tiktokx-origin.image?dr=14575&x-expires=1786287600&x-signature=%2FfseekRSPAVw9rYa%2BHTiH1Vv8mk%3D&t=4d5b0474&ps=13740610&shp=81f88b70&shcp=43f4a2f9&idc=my2;3092;49;183;22700;crochet,amigurumi,fyp,artesanato;crochet,amigurumi,fyp,artesanato;;;;
https://www.tiktok.com/search?q=#amigurumi&t=1786116607011;7484028039605652742;7484028039605652742;jojubacroche;jojubacroche;4437;4070;161;https://p16-common-sign.tiktokcdn.com/tos-alisg-avt-0068/25a1fb20e18a305918db48c2eb3a9e7a~tplv-tiktokx-cropcenter:100:100.jpeg?dr=14579&refresh_token=077224fe&x-expires=1786287600&x-signature=1CzZs34sM92L0EJYFJUxkR398AU%3D&t=4d5b0474&ps=13740610&shp=a5d48078&shcp=81f88b70&idc=my2;Dica de como subir sua carreira do amigurumi reta ✨💜 #amigurumi #crochê #dicadecroche #crocheteira;;2025-03-20 22:51:13;1742511073;no;no;no;no;no;som original;7484028077120080645;https://v16-webapp-prime.tiktok.com/video/tos/useast2a/tos-useast2a-v-27dcd7/owGIUAESEFCyk3AQIJUDJpYsJiNAvzn5nB9fBe/?a=1988&bti=ODszNWYuMDE6&&bt=125&ft=GNDpcInz7Th8bzWGXq8Zmo&mime_type=audio_mpeg&rc=amtrcXM5cnQ8eTMzNzU8M0BpamtrcXM5cnQ8eTMzNzU8M0AxYGlwMmRja2JgLS1kMTZzYSMxYGlwMmRja2JgLS1kMTZzcw%3D%3D&expire=1786120263&l=2026080723300738893901676D6B9314FE&ply_type=3&policy=3&signature=2d3a34871e49b227d79bf3f43fa8a914&tk=0&btag=e00050000;https://p16-common-sign.tiktokcdn.com/tos-alisg-avt-0068/25a1fb20e18a305918db48c2eb3a9e7a~tplv-tiktokx-cropcenter:1080:1080.jpeg?dr=14579&refresh_token=e46d0fe0&x-expires=1786287600&x-signature=NiGVM9GGCYd%2BwQ0ecuZQWDjXjHM%3D&t=4d5b0474&ps=13740610&shp=a5d48078&shcp=81f88b70&idc=my2;jojubacroche;https://v16-webapp-prime.tiktok.com/video/tos/alisg/tos-alisg-ve-37c813-sg/oMaA3C8QfguwPthSriCYjiASw4ASXjIeMceTW5/?a=1988&bti=ODszNWYuMDE6&&bt=908&ft=-Csk_mrMPD12NxzDvn-UxGe5PY6e3wv25UcAp&mime_type=video_mp4&rc=Ozk6ZjVpNjlmZjszNTZnOkBpM3BrcXU5cjg8eTMzNzczM0BeNGNiLS80NmExMTNeLV41YSNybGxmMmRramJgLS1kMTZzcw%3D%3D&expire=1786289463&l=2026080723300738893901676D6B9314FE&ply_type=2&policy=2&signature=50b2fa2caa94861dc0e4d3177c934f22&tk=tt_chain_token&btag=e00090000;https://www.tiktok.com/@jojubacroche/video/7484028039605652742;https://p16-common-sign.tiktokcdn.com/tos-maliva-p-0068/ooFAtiIQQCgPtfueeNLS5AO448YIKIAVGCTjGu~tplv-tiktokx-origin.image?dr=14575&x-expires=1786287600&x-signature=x87GPIm7r4XG3jmSrhdGYtABkPU%3D&t=4d5b0474&ps=13740610&shp=81f88b70&shcp=43f4a2f9&idc=my2;7684;192;341;107900;amigurumi,crochê,dicadecroche,crocheteira;amigurumi,crochê,dicadecroche,crocheteira;;;;
https://www.tiktok.com/search?q=#amigurumi&t=1786116607011;7652829874108878087;7652829874108878087;marioliveiraatelie;Mari Oliveira;40900;53700;157;https://p16-common-sign.tiktokcdn.com/tos-alisg-avt-0068/032056785121b220c05bc36b4881e1a6~tplv-tiktokx-cropcenter:100:100.jpeg?dr=14579&refresh_token=ea4d8c9d&x-expires=1786287600&x-signature=FNiwPKkvXf0OpgW1Es%2FcuH8bY1o%3D&t=4d5b0474&ps=13740610&shp=a5d48078&shcp=81f88b70&idc=my2;Girafinha💛🦒#amigurumi #crochet ;"Mari Oliveira
ATELIÊ  💛Girafinha🦒";2026-06-18 20:08:34;1781813314;no;no;no;no;no;Youre So Fine;7639009928292420374;https://v16-webapp-prime.tiktok.com/video/tos/no1a/tos-no1a-v-2370-no/oIPJEzkJAUVzeADwFAgFxAx8EfN4qVEBXAcuDC/?a=1988&bti=ODszNWYuMDE6&&bt=125&ft=GNDpcInz7Th8bzWGXq8Zmo&mime_type=audio_mpeg&rc=ams2OHE5cjhtOzMzbzU8NUBpams2OHE5cjhtOzMzbzU8NUBtLnNjMmRjYi5hLS1kMTFzYSNtLnNjMmRjYi5hLS1kMTFzcw%3D%3D&expire=1786120383&l=2026080723300738893901676D6B9314FE&ply_type=3&policy=3&signature=512a46bb3251fb74e7e7cf0dd006ce9f&tk=0&btag=e00050000;https://p16-common-sign.tiktokcdn.com/tos-maliva-avt-0068/c9c2e45fd7ec8be66fe7ed7fbc35131c~tplv-tiktokx-cropcenter:1080:1080.jpeg?dr=14579&refresh_token=1c6c446e&x-expires=1786287600&x-signature=pfZ%2F%2BgMxJ9msjbJL%2F9O%2BmTcmGYU%3D&t=4d5b0474&ps=13740610&shp=a5d48078&shcp=81f88b70&idc=my2;KØRP;;https://www.tiktok.com/@marioliveiraatelie/video/7652829874108878087;https://p16-common-sign.tiktokcdn.com/tos-alisg-p-0037/o07voEPAEIYGAAnAxqAQVAQiBjRRaBUDiVmE0~tplv-tiktokx-origin.image?dr=14575&x-expires=1786287600&x-signature=yh7NDUNH1DC3%2Bjtoporp5xDV%2BNY%3D&t=4d5b0474&ps=13740610&shp=81f88b70&shcp=43f4a2f9&idc=my2;92100;766;8869;4700000;amigurumi,crochet;amigurumi,crochet;;;;
https://www.tiktok.com/search?q=#amigurumi&t=1786116607011;7379335242047409413;7379335242047409413;artenoape;Mayara Prado;40700;503;55;https://p16-common-sign.tiktokcdn.com/tos-alisg-avt-0068/12458f612816cbfdc2a03b23acf4ab33~tplv-tiktokx-cropcenter:100:100.jpeg?dr=14579&refresh_token=ed32dfdb&x-expires=1786287600&x-signature=O6XFHZpyk0nCcdCVdE69A11yd%2Bw%3D&t=4d5b0474&ps=13740610&shp=a5d48078&shcp=81f88b70&idc=my2;Resultado do meu Shrek em amigurumi 🍺💚✨ Lançamento do e-book em julho 🧶  Em breve: Fiona 😮‍💨🌻 🚫não faço encomenda, apenas vendo a receita/ensino o passo a passo #shrek #shrekamigurumi #croche #amigurumi #crochet #atelie #artesanato #CapCut #crochê ;;2024-06-11 19:49:39;1718135379;no;no;no;no;no;Accidentally in Love;6705230820174564102;;https://p16-sign-sg.tiktokcdn.com/tos-alisg-v-2774/091e349fc30b481f95f70d7623b44fb4~720x720.jpeg?lk3s=08d74b56&x-expires=1786138208&x-signature=dTywFMciVlcxj07gNGojiv0AaBY%3D;Countdown Singers;https://webapp-sg.tiktok.com/ca03983e64a879f83af7549ef2892977/6a789d0c/kmoat/mps/logo/v2/r/p/v09044g40000cpkajffog65gdf5rs550/75666a80539b4165979a883ede7abdaa/1cacec462fecc3b969ec6d4176719be2/mp4/main.mp4?a=1988&bti=ODszNWYuMDE6&&bt=0&ft=bLZkAmrMPD12NxzDvn-UxGe5PY6e3wv25UcAp&mime_type=video_mp4&rc=cnF8b2hsc2d3SkBwaHIxaDFybndmZGdkaGg7ZDo4NGU2M2Q5OEBpMzh1aWo5cmlkczMzNzczM0BjRl5Nc3FePmJKYSNvYF90aHFmOiNeXzRhMDU2NjMxNjI1MzM0YSMycDJhMmRjZ2hgLS1kMTZzcw%3D%3D&definition=720p&du=13&item_id=7379335242047409413&l=2026080723300738893901676D6B9314FE&logo_type=tiktok&ply_type=2&policy=eyJ2bSI6MiwiY2siOiJ0dF9jaGFpbl90b2tlbiJ9&user_text=artenoape&btag=e000b0000;https://www.tiktok.com/@artenoape/video/7379335242047409413;https://p16-common-sign.tiktokcdn.com/tos-maliva-p-0068/8efc63b4efe741bd8616bb35c51164cf_1718135381~tplv-tiktokx-origin.image?dr=14575&x-expires=1786287600&x-signature=NMeJDCdQZvg4eaEUh0T5AnbulH0%3D&t=4d5b0474&ps=13740610&shp=81f88b70&shcp=43f4a2f9&idc=my2;785000;1651;92000;8800000;shrek,shrekamigurumi,croche,amigurumi,crochet,atelie,artesanato,CapCut,crochê;shrek,shrekamigurumi,croche,amigurumi,crochet,atelie,artesanato,CapCut,crochê;;;;
https://www.tiktok.com/search?q=#amigurumi&t=1786116607011;7541370878601301254;7541370878601301254;ribeiihellen;ribeiihellen;106100;35;447;https://p16-common-sign.tiktokcdn.com/tos-maliva-avt-0068/d811e085691d24278ab3f3fa9650ddf1~tplv-tiktokx-cropcenter:100:100.jpeg?dr=14579&refresh_token=676c10ce&x-expires=1786287600&x-signature=kC4byHVbwrfloWlUse0aXuSAPMc%3D&t=4d5b0474&ps=13740610&shp=a5d48078&shcp=81f88b70&idc=my2;✨ Curso de Amigurumi para iniciante 🧶 Aprenda do zero e faça suas primeiras peças lindas ainda essa semana! 🌟 👉 Link na bio!;;2025-08-22 12:00:00;1755864000;no;yes;no;no;no;som original - ribeiihellen;7541370889774877496;https://v16-webapp-prime.tiktok.com/video/tos/useast2a/tos-useast2a-v-27dcd7/o0mRPentBE4fRTcUgQLKUqSGJepY7dKICoClQY/?a=1988&bti=ODszNWYuMDE6&&bt=125&ft=GNDpcInz7Th8bzWGXq8Zmo&mime_type=audio_mpeg&rc=NTRnN2k8M2U3ODVnNGQ8O0BpamZ1b3k5cnM4NTMzNzU8M0A1MV4vX2AwNjQxMC9fYTU2YSMvbzNtMmQ0NmhhLS1kMTZzcw%3D%3D&expire=1786120242&l=2026080723300738893901676D6B9314FE&ply_type=3&policy=3&signature=eb7cf504df3718d2147d7814fe131f3e&tk=0&btag=e00050000;https://p16-common-sign.tiktokcdn.com/tos-maliva-avt-0068/d811e085691d24278ab3f3fa9650ddf1~tplv-tiktokx-cropcenter:1080:1080.jpeg?dr=14579&refresh_token=887dc7d1&x-expires=1786287600&x-signature=w9J2gHLAPY0wmJMu5lIMvocKRhM%3D&t=4d5b0474&ps=13740610&shp=a5d48078&shcp=81f88b70&idc=my2;ribeiihellen;https://v16-webapp-prime.tiktok.com/video/tos/useast2a/tos-useast2a-ve-0068c002/ogQJivifVEN3FeYvI4HmFkgAgfHLeoKTn4AAWk/?a=1988&bti=ODszNWYuMDE6&&bt=1381&ft=-Csk_mrMPD12NxzDvn-UxGe5PY6e3wv25UcAp&mime_type=video_mp4&rc=Z2ZpNjg0OzQ0PDZmaWY4NEBpand4eHY5cjQ4NTMzNzgzM0AzMV5gMV9jNTYxLjAvX18vYSNzZ19pMmQ0NWhhLS1kLzZzcw%3D%3D&expire=1786289442&l=2026080723300738893901676D6B9314FE&ply_type=2&policy=2&signature=70db5b17b126b68023b371ec2918be10&tk=tt_chain_token&btag=e00088000;https://www.tiktok.com/@ribeiihellen/video/7541370878601301254;https://p16-common-sign.tiktokcdn.com/tos-maliva-p-0068/oMyqKAAKRFC7C7eQEoLIgiGvEUArTfAQI7emSK~tplv-tiktokx-origin.image?dr=14575&x-expires=1786287600&x-signature=S2ZBDPP%2FLTNxdLRLSdoN9mM5Sl8%3D&t=4d5b0474&ps=13740610&shp=81f88b70&shcp=43f4a2f9&idc=my2;294300;963;14200;4700000;;;;;;
https://www.tiktok.com/search?q=#amigurumi&t=1786116607011;7238687636682968321;7238687636682968321;bahar.gurumi;BAHAR🧶;107800;4830;135;https://p16-common-sign.tiktokcdn.com/tos-alisg-avt-0068/01134bfff7c5c46bf91c2db12cc11480~tplv-tiktokx-cropcenter:100:100.jpeg?dr=14579&refresh_token=7d9eff7c&x-expires=1786287600&x-signature=Mwgd3OQKZ5fT8o0T8qRV4HL51q8%3D&t=4d5b0474&ps=13740610&shp=a5d48078&shcp=81f88b70&idc=my2;#luffy #amigurumi #fyp #foryou #crochet #كروشيه ;Luffy♥️;2023-05-29 19:25:10;1685388310;no;no;no;no;no;оригінальний звук;7147351450325175046;https://v16-webapp-prime.tiktok.com/video/tos/useast2a/tos-useast2a-v-27dcd7/361c4a219cb84b0b9c5966ab1f78361a/?a=1988&bti=ODszNWYuMDE6&&bt=125&ft=GNDpcInz7Th8bzWGXq8Zmo&mime_type=audio_mp4&rc=Mzd5aTc6Zmw6ZjMzNzU8M0BpMzd5aTc6Zmw6ZjMzNzU8M0BuZC9icjQwcGxgLS1kMTZzYSNuZC9icjQwcGxgLS1kMTZzcw%3D%3D&expire=1786120233&l=2026080723300738893901676D6B9314FE&ply_type=3&policy=3&signature=67de20f6cf26fda35eca7e272af6c7cf&tk=0&btag=e00078000;https://p16-common-sign.tiktokcdn.com/tos-maliva-avt-0068/15c157eaf8bd1b7ead4e44a4a8625dd9~tplv-tiktokx-cropcenter:1080:1080.jpeg?dr=14579&refresh_token=160a73b5&x-expires=1786287600&x-signature=JVSka70NI4yb%2BaemVSxvDX9yyyo%3D&t=4d5b0474&ps=13740610&shp=a5d48078&shcp=81f88b70&idc=my2;demchukmusic;;https://www.tiktok.com/@bahar.gurumi/video/7238687636682968321;https://p16-common-sign.tiktokcdn.com/tos-alisg-p-0037/f0b14a6b0ad54b62914610fe95a9f224_1685388312~tplv-tiktokx-origin.image?dr=14575&x-expires=1786287600&x-signature=UKdJNlrokh0QmFyZwkKZ1RGgZXI%3D&t=4d5b0474&ps=13740610&shp=81f88b70&shcp=43f4a2f9&idc=my2;180400;1077;11500;1900000;luffy,amigurumi,fyp,foryou,crochet,كروشيه;luffy,amigurumi,fyp,foryou,crochet,كروشيه;;;;
https://www.tiktok.com/search?q=#amigurumi&t=1786116607011;7519582179895168312;7519582179895168312;mauro_saar;Mauro Saar;36200;18800;1239;https://p19-common-sign.tiktokcdn.com/tos-maliva-avt-0068/cfc52740345fac5894194bfbedd6df65~tplv-tiktokx-cropcenter:100:100.jpeg?dr=14579&refresh_token=e6b6a55e&x-expires=1786287600&x-signature=ttzH25DLFEnn8CbRh7rMR0aO%2BLA%3D&t=4d5b0474&ps=13740610&shp=a5d48078&shcp=81f88b70&idc=my2;Queria fazer amigurumi? Agora vai fazer! 🧶🧶🧶 #amigurumi #tutorial #iniciante #crochet #amigurumidozero ;EP 1;2025-06-24 18:19:25;1750789165;no;no;no;no;no;Sunny Ukulele Serenade;7369847750844172304;https://sf16-ies-music-sg.tiktokcdn.com/obj/tos-alisg-ve-2774/o0e1VGAU2XegKFAXFZCNmfARsQgf8GQMxb1kAI;https://p16-sg.tiktokcdn.com/aweme/720x720/tos-alisg-v-2774/oUfmLhWoPAAiwqsEAEHA9AB2CPdwqzntBWs8iB.jpeg;Famsound;https://v16-webapp-prime.tiktok.com/video/tos/alisg/tos-alisg-ve-37c813-sg/oQUSvB7EQc6iprr9E7ETFSaliOQuaWALBIaQB/?a=1988&bti=ODszNWYuMDE6&&bt=1292&ft=-Csk_mrMPD12NxzDvn-UxGe5PY6e3wv25UcAp&mime_type=video_mp4&rc=ZGlkZmQ5NWczaDk0ODo0PEBpajRkb3c5cm1oNDMzNzczM0BfMzQwYi9hXjQxMjA1NF9gYSNmcGdxMmRramFhLS1kMTZzcw%3D%3D&expire=1786289498&l=2026080723300738893901676D6B9314FE&ply_type=2&policy=2&signature=878a5c1fa64f9c8e7f4096515e7648fb&tk=tt_chain_token&btag=e00090000;https://www.tiktok.com/@mauro_saar/video/7519582179895168312;https://p19-common-sign.tiktokcdn.com/tos-maliva-p-0068/o4BREaaBi7Y7sHA7AAVArtQE6FsvBFiaiUIBI~tplv-tiktokx-dmt-logom:tos-useast2a-v-0068/oorABiwCEiQaPB6YO5siBAHIEAa7UAcBvZLF1.image?dr=14573&x-expires=1786287600&x-signature=PcDTdZNwu%2FJYTAfQL3xM95cLWBE%3D&t=4d5b0474&ps=13740610&shp=81f88b70&shcp=43f4a2f9&idc=my2;24500;396;1904;495800;amigurumi,tutorial,iniciante,crochet,amigurumidozero;amigurumi,tutorial,iniciante,crochet,amigurumidozero;;;;
https://www.tiktok.com/search?q=#amigurumi&t=1786116607011;7536289519507623173;7536289519507623173;diva_crochetaria;•Vanessa •;91200;43600;1023;https://p16-common-sign.tiktokcdn.com/tos-maliva-avt-0068/cc5bb99b264551c40dfd3baa7e73fec8~tplv-tiktokx-cropcenter:100:100.jpeg?dr=14579&refresh_token=cbf86192&x-expires=1786287600&x-signature=PzGdCvFzTMpbss5mCAtMbRTKFqM%3D&t=4d5b0474&ps=13740610&shp=a5d48078&shcp=81f88b70&idc=my2;Tutorial lá no canal: diva Crochetaria  #crochetersoftiktok #amigurumi #stitchamigurumi #stitch #tutorial #crocheteiras #stich ;;2025-08-08 18:52:24;1754679144;no;no;no;no;no;som original;7536289492866845446;https://v16-webapp-prime.tiktok.com/video/tos/useast2a/tos-useast2a-v-27dcd7/osAVAfJEBgC0iAYK1WiRyWE2SAkEx17oxtE9OB/?a=1988&bti=ODszNWYuMDE6&&bt=125&ft=GNDpcInz7Th8bzWGXq8Zmo&mime_type=audio_mpeg&rc=ajw2a2s5cnQ3NTMzNzU8M0Bpajw2a2s5cnQ3NTMzNzU8M0BuajBsMmRzYl9hLS1kMTZzYSNuajBsMmRzYl9hLS1kMTZzcw%3D%3D&expire=1786120274&l=2026080723300738893901676D6B9314FE&ply_type=3&policy=3&signature=fe584321b62e47ae8ce081baee701ef4&tk=0&btag=e00050000;https://p19-common-sign.tiktokcdn.com/tos-maliva-avt-0068/cc5bb99b264551c40dfd3baa7e73fec8~tplv-tiktokx-cropcenter:1080:1080.jpeg?dr=14579&refresh_token=07bf60ea&x-expires=1786287600&x-signature=vSH4YdJMOMkD87GzbyVrglUE6pM%3D&t=4d5b0474&ps=13740610&shp=a5d48078&shcp=81f88b70&idc=my2;•Vanessa •;;https://www.tiktok.com/@diva_crochetaria/video/7536289519507623173;https://p16-common-sign.tiktokcdn.com/tos-maliva-p-0068/oAf4WjaAgEAikKoj4CBTk0IgSIUMaSIAyiFCOo~tplv-tiktokx-origin.image?dr=14575&x-expires=1786287600&x-signature=5xv9Se%2Fvp0nn7z%2FwvGKm9iDtD1U%3D&t=4d5b0474&ps=13740610&shp=81f88b70&shcp=43f4a2f9&idc=my2;11000;238;1037;253900;crochetersoftiktok,amigurumi,stitchamigurumi,stitch,tutorial,crocheteiras,stich;crochetersoftiktok,amigurumi,stitchamigurumi,stitch,tutorial,crocheteiras,stich;;;;
https://www.tiktok.com/search?q=#amigurumi&t=1786116607011;7600764196090957076;7600764196090957076;ferpicrochet;Ferpi Crochet;49000;23700;502;https://p16-common-sign.tiktokcdn.com/tos-alisg-avt-0068/b89eac94824254eabafcf5f1c845a5d6~tplv-tiktokx-cropcenter:100:100.jpeg?dr=14579&refresh_token=e5380cc8&x-expires=1786287600&x-signature=cOKCLgV8xhXb62Ja2pIul5ZziRQ%3D&t=4d5b0474&ps=13740610&shp=a5d48078&shcp=81f88b70&idc=my2;🌸✨ Suas mãos carregam histórias ✨🌸 Quando eu sonhei o meu primeiro curso, eu sabia que não queria apenas ensinar pontos. Eu queria ensinar um sentimento. Queria que cada pessoa que pegasse uma agulha sentisse o coração florescer…💐 Que cada ponto tivesse história… Que cada criação fosse mais do que um amigurumi, fosse um encontro consigo mesma. ❤️🧶🙏 E caminhar ao lado dos meus alunos tem sido a parte mais bonita dessa história. Ver cada um sentindo, ousando, criando, vivendo a própria fé pelas mãos…🙏🏽 Criar Santa Rita, Santa Terezinha, Santa Clara e Santa Cecília foi, e sempre será, uma honra que carrego com todo o meu coração. Cada uma com sua história, cada uma com sua luz… e ver essa luz nascendo nas mãos de vocês é indescritível. 🌹🏡 É assim que eu vejo o Alma de Algodão… uma alma que encontra outra alma… um jardim que cresce junto… uma luz que passa de mão em mão. ✨🙌💐 E você já imaginou fazer algo assim com suas próprias mãos? 🙌🏽  Materiais e acessórios @armarinhodajessely  . . #santarita #santateresinha #santaclara #santacecilia #santinhaamigurumi ;;2026-01-29 12:47:09;1769690829;no;no;no;no;no;Love Story - Indila (Fairy Version);7472559032520476673;https://sf16-ies-music-sg.tiktokcdn.com/obj/tos-alisg-ve-2774/o4fZItfUR4RTG1nzt5BYMsa3gOi6BnC9sOBQli;https://p77-sg.tiktokcdn.com/aweme/720x720/tos-alisg-v-2774/ogBCAi5AeE3s6itt8QWfCqk3YCAmBZgFznE9CB.jpeg;Daniela Mlčúchová;https://v16-webapp-prime.tiktok.com/video/tos/alisg/tos-alisg-pve-0037c001/o81S99aAEAArQjKUAIFCeqoDQfAeL11EDICd7E/?a=1988&bti=ODszNWYuMDE6&&bt=1273&eid=20480&ft=-Csk_mrMPD12NxzDvn-Uxfe5VY6e3wv25DcAp&mime_type=video_mp4&rc=ZjZoNDw5aGU7ZWQ6NmQ5N0BpM3gzO285cjdvODMzODczNEAwLy02YDQvNS0xXjItYmMvYSMuXy1xMmQ0YXFhLS1kMTFzcw%3D%3D&expire=1786289433&l=2026080723300738893901676D6B9314FE&ply_type=2&policy=2&signature=8b31b8a504d63ab87e58ae56a0770803&tk=tt_chain_token&btag=e000b8000;https://www.tiktok.com/@ferpicrochet/video/7600764196090957076;https://p16-common-sign.tiktokcdn.com/tos-alisg-p-0037/osVINEVDAlAE0beFfASjDAA7Ez7kseIM1KqB8o~tplv-tiktokx-origin.image?dr=14575&x-expires=1786287600&x-signature=P8F1QXdVtBtjLacMHycvuZbIpdo%3D&t=4d5b0474&ps=13740610&shp=81f88b70&shcp=43f4a2f9&idc=my2;18700;517;1778;627500;santarita,santateresinha,santaclara,santacecilia,santinhaamigurumi;santarita,santateresinha,santaclara,santacecilia,santinhaamigurumi;;;;
https://www.tiktok.com/search?q=#amigurumi&t=1786116607011;7395989348648373510;7395989348648373510;fiosdaamanda_atelie;Fios da Amanda - Ateliê;19300;567;227;https://p16-common-sign.tiktokcdn.com/tos-alisg-avt-0068/b96487c7009d6bfd9491be5162a5cf36~tplv-tiktokx-cropcenter:100:100.jpeg?dr=14579&refresh_token=5feb5a0d&x-expires=1786287600&x-signature=cAP8vSm4XOdrN5XtxGgFPBGMclo%3D&t=4d5b0474&ps=13740610&shp=a5d48078&shcp=81f88b70&idc=my2;✨Jesus amigurumi 🥹🙏🏻 Fala senão é um presente perfeito 😍❤️ . . . Lista de espera para encomendas no link da bio! 🛍️📦 Envio para todo Brasil e exterior com consulta de frete. 📝 Padrão : @ferpicrochet  🚫Não vendo receitas! 🚫 Não trabalho com valor de atacado! Produto feito a mão ✋ Por ser um produto artesanal o valor pode sofrer alteração dependendo da customização da peça! #jesuslovesyou #jesuscristo #jesus #jesusteama❤ #santinhosdecroche #artesanato #artesacra #handmad #croche #bonecodecroche ;;2024-07-26 16:56:06;1722012966;no;no;no;no;no;Flowers;7353123047643842576;https://sf16-ies-music-sg.tiktokcdn.com/obj/tos-alisg-ve-2774/owqKzmLABMDPWkyZBuiOoHs38AfVz1AIikwdWc;https://p77-sg.tiktokcdn.com/aweme/720x720/tos-alisg-v-2774/oQAEOalmE7etQBEBiRIDfBxZpiCFAAWgA4MnEy.jpeg;Samantha Ebert;;https://www.tiktok.com/@fiosdaamanda_atelie/video/7395989348648373510;https://p16-common-sign.tiktokcdn.com/tos-maliva-p-0068/oQgAEBfEwQoSmi3JeICUR4ALAhEKFDEADkC91j~tplv-tiktokx-origin.image?dr=14575&x-expires=1786287600&x-signature=8XPixZ3QNk92SokeoshOL%2Bp3imQ%3D&t=4d5b0474&ps=13740610&shp=81f88b70&shcp=43f4a2f9&idc=my2;12000;182;2738;334600;jesuslovesyou,jesuscristo,jesus,jesusteama❤,santinhosdecroche,artesanato,artesacra,handmad,croche,bonecodecroche;jesuslovesyou,jesuscristo,jesus,jesusteama❤,santinhosdecroche,artesanato,artesacra,handmad,croche,bonecodecroche;;;;
https://www.tiktok.com/search?q=#amigurumi&t=1786116607011;7573372207913651478;7573372207913651478;crochetixy;crochetixy♡⋆⁺₊⋆;4127;8291;110;https://p16-common-sign.tiktokcdn.com/tos-maliva-avt-0068/53b5e95524b15eeb892aafe9fe04fdd9~tplv-tiktokx-cropcenter:100:100.jpeg?dr=14579&refresh_token=cfc4a1e0&x-expires=1786287600&x-signature=0BLor6oh7mlGsuYFQ9gbz7ggKww%3D&t=4d5b0474&ps=13740610&shp=a5d48078&shcp=81f88b70&idc=my2;5 free crochet patterns - Cute plushies edition 💕 Part 1 More ideas coming soon 💗  • • • • #crochet #plushies #amigurumi #crochetersoftiktok #cuteness ;;2025-11-16 17:12:11;1763313131;no;no;no;no;no;original sound;7392007547152059168;https://v16-webapp-prime.tiktok.com/video/tos/no1a/tos-no1a-v-2370c710-no/ogeKDfl3oE7eI2XMCANgFEhrImT1EAVMEGfA7I/?a=1988&bti=ODszNWYuMDE6&&bt=125&ft=GNDpcInz7Th8bzWGXq8Zmo&mime_type=audio_mpeg&rc=Mzlwbmw5cmd0dDMzZjU8M0BpMzlwbmw5cmd0dDMzZjU8M0AwaTRkMmRzc15gLS1kMWNzYSMwaTRkMmRzc15gLS1kMWNzcw%3D%3D&expire=1786120232&l=2026080723300738893901676D6B9314FE&ply_type=3&policy=3&signature=1e74ad07e3498fd7c816c66230a9420b&tk=0&btag=e00078000;https://p16-common-sign.tiktokcdn.com/tos-maliva-avt-0068/f59410a4d6416a45bab31d7b7e217cbc~tplv-tiktokx-cropcenter:1080:1080.jpeg?dr=14579&refresh_token=c310d67a&x-expires=1786287600&x-signature=tQzvW6BYs22pcFS7%2BigEUB%2FkQCY%3D&t=4d5b0474&ps=13740610&shp=a5d48078&shcp=81f88b70&idc=my2;bee;https://webapp-sg.tiktok.com/52b9cb61a66ab96f539fdf96f3a93e5f/6a789d13/kmoat/mps/logo/v2/r/p/v24044gl0000d4d0ap7og65ggrg1mhr0/ec559cc706bf40d09a53213aed06378c/acc05630b94e6e4e8de79536e80c2698/mp4/main.mp4?a=1988&bti=ODszNWYuMDE6&&bt=0&ft=bLZkAmrMPD12NxzDvn-UxGe5PY6e3wv25UcAp&mime_type=video_mp4&rc=cnF8b2hsc2d3SkBwaHIxaDFybndmZjo5Z2Q0NmQzM2k5OmY4ZkBpM2s0dWo5cnMzNzMzbzczNUBjRl5Nc3FePmJKYSNvYF90aHFmOiM1MC1iMC8yNmExXy1gNjJiYSNvamRkMmQ0XmFhLS1kMTFzcw%3D%3D&definition=720p&du=19&item_id=7573372207913651478&l=2026080723300738893901676D6B9314FE&logo_type=tiktok&ply_type=2&policy=eyJ2bSI6MiwiY2siOiJ0dF9jaGFpbl90b2tlbiJ9&user_text=crochetixy&btag=e000b8000;https://www.tiktok.com/@crochetixy/video/7573372207913651478;https://p16-common-sign.tiktokcdn.com/tos-no1a-p-0037-no/oUqAuERijSBqEx8AtaAABrHaUqAaiIpp0xYvB~tplv-tiktokx-origin.image?dr=14575&x-expires=1786287600&x-signature=ST8nfB49ntP0LfZXY%2F%2F%2BNHvBQGs%3D&t=4d5b0474&ps=13740610&shp=81f88b70&shcp=43f4a2f9&idc=my2;12600;77;349;802500;crochet,plushies,amigurumi,crochetersoftiktok,cuteness;crochet,plushies,amigurumi,crochetersoftiktok,cuteness;;;;
https://www.tiktok.com/search?q=#amigurumi&t=1786116607011;7635991327582260498;7635991327582260498;joiceribeiro079;Joice Ribeiro;1735;5023;143;https://p16-common-sign.tiktokcdn.com/tos-alisg-avt-0068/8a52cb91b48820c83106e095acaca698~tplv-tiktokx-cropcenter:100:100.jpeg?dr=14579&refresh_token=cd294669&x-expires=1786287600&x-signature=8zVb1NffabpDuiBZ%2BW0Lk%2Fq%2B12M%3D&t=4d5b0474&ps=13740610&shp=a5d48078&shcp=81f88b70&idc=my2;Acho que exagerei 🥹 maior capivara de amigurumi ❤️ #fiochenille #capivara #amigurumis #croche #jaguariuna ;;2026-05-04 11:06:21;1777892781;no;no;no;no;no;Happy Feels (NPC Life);7396032973830768656;https://sf16-ies-music-sg.tiktokcdn.com/obj/tos-alisg-ve-2774/oMRHD7nIe9mn1wXgLFLaKf9GAAATmGTOefj1c9;https://p77-sg.tiktokcdn.com/aweme/720x720/tos-alisg-v-2774/ocQeLmFaHjPenLXhFQKGcAA1AxGeKDEAhQAiIf.jpeg;Trendify;https://v16-webapp-prime.tiktok.com/video/tos/alisg/tos-alisg-pve-0037c001/oMePTDizqAMlAAA1AefIC5Eh54X3j85Qurms8k/?a=1988&bti=ODszNWYuMDE6&&bt=1785&eid=20480&ft=-Csk_mrMPD12NxzDvn-Uxfe5VY6e3wv25DcAp&mime_type=video_mp4&rc=ZWU4Zzs1ZzRpMzszZTdoOkBpamkzcng5cnA6OjMzODczNEBhLTAvLmNiXzMxLTIwMTI2YSM0NjFiMmRrbnBhLS1kMWBzcw%3D%3D&expire=1786289433&l=2026080723300738893901676D6B9314FE&ply_type=2&policy=2&signature=cc9173f43ace8605b298ff26062c69d4&tk=tt_chain_token&btag=e000b8000;https://www.tiktok.com/@joiceribeiro079/video/7635991327582260498;https://p16-common-sign.tiktokcdn.com/tos-alisg-p-0037/os2T7EqA8Ax5Hj9PAQLe8f4G1eC8SaPIDICHwQ~tplv-tiktokx-origin.image?dr=14575&x-expires=1786287600&x-signature=q3tlVpaEbkHvfdg4T96nFLcOxwQ%3D&t=4d5b0474&ps=13740610&shp=81f88b70&shcp=43f4a2f9&idc=my2;3325;186;247;57000;fiochenille,capivara,amigurumis,croche,jaguariuna;fiochenille,capivara,amigurumis,croche,jaguariuna;;;;
https://www.tiktok.com/search?q=#amigurumi&t=1786116607011;7667288201173781781;7667288201173781781;ateliecamelia;Ateliê Camélia;210;448;9;https://p19-common-sign.tiktokcdn.com/tos-alisg-avt-0068/d1b46af3994b4904d46adba00360dd4a~tplv-tiktokx-cropcenter:100:100.jpeg?dr=14579&refresh_token=b7b680a4&x-expires=1786287600&x-signature=%2FXMvPYUuj5UiAAIHT61WTVX8Kto%3D&t=4d5b0474&ps=13740610&shp=a5d48078&shcp=81f88b70&idc=my2;Finalmente saiu!  Chaveiros dos meninos na versão do MV 2.0 em amigurumi, feito à mão com muito carinho.  Qual foi o seu favorito?  #BTS #Amigurumi #Crochê #BTSArmy #Handmade ;;2026-07-27 19:14:16;1785179656;no;no;no;no;no;som original;7667293400156195602;https://v16-webapp-prime.tiktok.com/video/tos/alisg/tos-alisg-v-27dcd7/oIAAAf8gBAB1iA6Kdnis9zErMAoEEK4wyvEolB/?a=1988&bti=ODszNWYuMDE6&&bt=125&ft=GNDpcInz7ThQbzWGXq8Zmo&mime_type=audio_mpeg&rc=M3ZlO2w5cmh1PDMzODU8NEBpM3ZlO2w5cmh1PDMzODU8NEAyZTQvMmRzMmdhLS1kMS1zYSMyZTQvMmRzMmdhLS1kMS1zcw%3D%3D&expire=1786120244&l=202608072330129194ED31CA9A4698412C&ply_type=3&policy=3&signature=59c11284f9ff9a27abd1681dbdabc6fe&tk=0&btag=e00048000;https://p16-common-sign.tiktokcdn.com/tos-alisg-avt-0068/d1b46af3994b4904d46adba00360dd4a~tplv-tiktokx-cropcenter:1080:1080.jpeg?dr=14579&refresh_token=4b490f9d&x-expires=1786287600&x-signature=tJL1lRWXmr3RDv39ygShvxv3ncw%3D&t=4d5b0474&ps=13740610&shp=a5d48078&shcp=81f88b70&idc=my2;Ateliê Camélia;;https://www.tiktok.com/@ateliecamelia/video/7667288201173781781;https://p16-common-sign.tiktokcdn.com/tos-alisg-p-0037/oE7BPAWt6UFT8EQqLZFfBBgjGXfr0MQqRSDnEU~tplv-tiktokx-origin.image?dr=14575&x-expires=1786287600&x-signature=UfamQTGIRuQOqVrwjADdK80PFhI%3D&t=4d5b0474&ps=13740610&shp=81f88b70&shcp=43f4a2f9&idc=my2;840;36;53;5067;bts,amigurumi,crochê,btsarmy,handmade;bts,amigurumi,crochê,btsarmy,handmade;;;;
https://www.tiktok.com/search?q=#amigurumi&t=1786116607011;7646071985612557576;7646071985612557576;croches.da.nel;Croches da Nel;5403;2588;166;https://p16-common-sign.tiktokcdn.com/tos-alisg-avt-0068/74489736ebcb46e427efffbb56dd0beb~tplv-tiktokx-cropcenter:100:100.jpeg?dr=14579&refresh_token=08db910a&x-expires=1786287600&x-signature=6nlcVpCj53qqekf06S5RH1%2F10N4%3D&t=4d5b0474&ps=13740610&shp=a5d48078&shcp=81f88b70&idc=my2;Quem faz essas peças perfeitinhas merece aplausos porque cada detalhe exige muita paciência e atenção. 🤯🥲🧶 #amigurumi #amigurumiforbeginners #amigurumiscrochet #amigurumispersonalizados #fyyyyyyyyyyyyyyyyyyy ;"Pq ninguem fala o 
quanto é difícil fazer 
amigurumi? 🤯";2026-05-31 15:04:29;1780239869;no;no;no;no;no;sad hamster meme sound;7334411853246057248;https://v16-webapp-prime.tiktok.com/video/tos/no1a/tos-no1a-v-2370c710-no/ooDFEeIGA6eGCiqAELiJoeIELALw6TEkf1ELNg/?a=1988&bti=ODszNWYuMDE6&&bt=125&ft=GNDpcInz7ThQbzWGXq8Zmo&mime_type=audio_mpeg&rc=M3h4ZXI5cmhrcTMzZjU8M0BpM3h4ZXI5cmhrcTMzZjU8M0AxL2lrMmRrLjFgLS1kMWNzYSMxL2lrMmRrLjFgLS1kMWNzcw%3D%3D&expire=1786120232&l=202608072330129194ED31CA9A4698412C&ply_type=3&policy=3&signature=df23b8304cea9c3b90c736c68ac742f0&tk=0&btag=e00078000;https://p16-common-sign.tiktokcdn.com/tos-maliva-avt-0068/60f5de7972e6c8bd892c17d55af09226~tplv-tiktokx-cropcenter:1080:1080.jpeg?dr=14579&refresh_token=07b359a2&x-expires=1786287600&x-signature=5eBUX3At4H60ny34Fn58ieJJkAo%3D&t=4d5b0474&ps=13740610&shp=a5d48078&shcp=81f88b70&idc=my2;CrazyToastCat;https://v16-webapp-prime.tiktok.com/video/tos/alisg/tos-alisg-ve-37c815-sg/ogUkpiyCBEgisv9ZAyiQqrI5WAfN1BAIiywECD/?a=1988&bti=ODszNWYuMDE6&&bt=823&ft=-Csk_mrMPD12NlzDvn-UxdT59Y6e3wv25AcAp&mime_type=video_mp4&rc=Z2ZpOmY5aWk4OTVoOTNmPEBpM3BtNHc5cnY3OzMzODczNEA0NDI1Y18uNTExNDIxLWM0YSNqMTEuMmRzbWJhLS1kMTFzcw%3D%3D&expire=1786289422&l=202608072330129194ED31CA9A4698412C&ply_type=2&policy=2&signature=aafae38b680cc118ed13917c40e07626&tk=tt_chain_token&btag=e000b0000;https://www.tiktok.com/@croches.da.nel/video/7646071985612557576;https://p16-common-sign.tiktokcdn.com/tos-alisg-p-0037/ocETgCKs14ADwWkcA9iiwZB5CDAIuJnIICfyqi~tplv-tiktokx-origin.image?dr=14575&x-expires=1786287600&x-signature=XXPcdiaMnBthM8bofImSJ2kiZFg%3D&t=4d5b0474&ps=13740610&shp=81f88b70&shcp=43f4a2f9&idc=my2;3213;404;66;65400;amigurumi,amigurumiforbeginners,amigurumiscrochet,amigurumispersonalizados,fyyyyyyyyyyyyyyyyyyy;amigurumi,amigurumiforbeginners,amigurumiscrochet,amigurumispersonalizados,fyyyyyyyyyyyyyyyyyyy;;;;
https://www.tiktok.com/search?q=#amigurumi&t=1786116607011;7616112491164175637;7616112491164175637;maiizocaa;Maii | 🎨🧶;1280;834;69;https://p16-common-sign.tiktokcdn.com/tos-maliva-avt-0068/0972968c6877652b976ccb3638e56a01~tplv-tiktokx-cropcenter:100:100.jpeg?dr=14579&refresh_token=20e685b8&x-expires=1786287600&x-signature=lDSntNa8SAg0drBTshK%2Fdielly8%3D&t=4d5b0474&ps=13740610&shp=a5d48078&shcp=81f88b70&idc=my2;baphometzinho com transição sim amores!!! ❤️🖤❤️🖤 #baphomet #amigurumi #crochet ##arte #fyp ;;2026-03-11 21:26:22;1773264382;no;no;no;no;no;Originalton;7590121612479941398;https://v16-webapp-prime.tiktok.com/video/tos/no1a/tos-no1a-v-2370-no/ocf2VCmOYkAmjEEpBVFfFBgFshUAdkEEJADkUp/?a=1988&bti=ODszNWYuMDE6&&bt=125&ft=GNDpcInz7ThQbzWGXq8Zmo&mime_type=audio_mpeg&rc=M2ZoOmw5cnRyODMzbzU8NUBpM2ZoOmw5cnRyODMzbzU8NUBmYXAuMmRjYl5hLS1kMTFzYSNmYXAuMmRjYl5hLS1kMTFzcw%3D%3D&expire=1786120225&l=202608072330129194ED31CA9A4698412C&ply_type=3&policy=3&signature=b8fab2ca158150ce475afbde8811ee81&tk=0&btag=e00070000;https://p16-common-sign.tiktokcdn.com/tos-useast2a-avt-0068-euttp/3636f3c82b7315ddb72eb48a80443280~tplv-tiktokx-cropcenter:1080:1080.jpeg?dr=14579&refresh_token=cfe8d0d6&x-expires=1786287600&x-signature=w9O23TBBm5B6uyDBV%2BVdBE5Fejg%3D&t=4d5b0474&ps=13740610&shp=a5d48078&shcp=81f88b70&idc=my2;￴ ￴ ￴ ￴ ￴ ￴￴￴￴ ￴ ￴ ￴ ￴￴ ￴ ￴ ￴;https://v16-webapp-prime.tiktok.com/video/tos/alisg/tos-alisg-pve-0037c001/oo3N19gmQE0bfBEBdPpEmD9BsILGUcQfgAMFlR/?a=1988&bti=ODszNWYuMDE6&&bt=1044&ft=-Csk_mrMPD12NlzDvn-UxdT59Y6e3wv25AcAp&mime_type=video_mp4&rc=Omk5Omk0NzdnMzQ5OGVoZkBpanRwM3g5cm13OTMzODczNEAyNi5hL14wXmExLjZeYWMvYSM2cG1nMmRjbmxhLS1kMTFzcw%3D%3D&expire=1786289425&l=202608072330129194ED31CA9A4698412C&ply_type=2&policy=2&signature=6fc25548cdf8b0bac2cc9104a6f06577&tk=tt_chain_token&btag=e00070000;https://www.tiktok.com/@maiizocaa/video/7616112491164175637;https://p16-common-sign.tiktokcdn.com/tos-alisg-p-0037/oEEl16IgU0AFGEduFrRF2sf7A3DBBCAQWAfpoj~tplv-tiktokx-origin.image?dr=14575&x-expires=1786287600&x-signature=f%2FBEz5QTinQcV2X992gw1fwhsEc%3D&t=4d5b0474&ps=13740610&shp=81f88b70&shcp=43f4a2f9&idc=my2;79000;1581;5153;312400;baphomet,amigurumi,crochet,arte,fyp;baphomet,amigurumi,crochet,arte,fyp;;;;
https://www.tiktok.com/search?q=#amigurumi&t=1786116607011;7438715460041968952;7438715460041968952;crocheminimalista;Crochê Minimalista;359;330;16;https://p19-common-sign.tiktokcdn.com/tos-maliva-avt-0068/9602eabaf569bcc1c9d1c24634dfffa2~tplv-tiktokx-cropcenter:100:100.jpeg?dr=14579&refresh_token=6235c591&x-expires=1786287600&x-signature=FeNVDKVRFqNyDcwGuZUX7LER8nE%3D&t=4d5b0474&ps=13740610&shp=a5d48078&shcp=81f88b70&idc=my2;#amigurumi #crochetersoftiktok #croche ;Dica pra quem faz amigurumi  CROCHÊ MINIMALISTA Se você costuma fazer o ponto baixo assim:  Experimente fazer assim, pegando a linha por baixo da agulha.  Seu ponto vai ficar bem fechadinho, sem aparecer o enchimento ✨💕;2024-11-18 20:15:20;1731960920;no;no;no;no;no;BIRDS OF A FEATHER;7369368914394056720;https://sf16-ies-music-sg.tiktokcdn.com/obj/tos-alisg-ve-2774/o0rkVP1WIZicAyGrxivrzMiUBMOYFawAJMZMI;https://p77-sg.tiktokcdn.com/aweme/720x720/tos-alisg-v-2774/ooBraWvjN6U6TEYkAAEAiGI3CAoDZjXuAB39i.jpeg;Billie Eilish;https://v16-webapp-prime.tiktok.com/video/tos/alisg/tos-alisg-ve-37c813-sg/oII7EQgnIvZnAOBzLicbvXMhvfwC3iIokJcEAA/?a=1988&bti=ODszNWYuMDE6&&bt=1426&ft=-Csk_mrMPD12NlzDvn-UxdT59Y6e3wv25AcAp&mime_type=video_mp4&rc=PDpoaTU0N2g6aDtoMzQzOkBpanE3cmo5cnFzdjMzNzczM0BgMjA0NS81Xy8xY2FhMDZgYSNrZl8yMmRrc3FgLS1kMTZzcw%3D%3D&expire=1786289462&l=202608072330129194ED31CA9A4698412C&ply_type=2&policy=2&signature=8c858ce334d55d8ec17fa660ef921017&tk=tt_chain_token&btag=e00088000;https://www.tiktok.com/@crocheminimalista/video/7438715460041968952;https://p16-common-sign.tiktokcdn.com/tos-maliva-p-0068/os1CUAiiZvbEABrJAVgFjAIl7zzAEQu8Boimv~tplv-tiktokx-origin.image?dr=14575&x-expires=1786287600&x-signature=CxHXlQomeMRynvIGLbQJRwY6mKo%3D&t=4d5b0474&ps=13740610&shp=81f88b70&shcp=43f4a2f9&idc=my2;4589;58;117;107200;amigurumi,crochetersoftiktok,croche;amigurumi,crochetersoftiktok,croche;;;;
https://www.tiktok.com/search?q=#amigurumi&t=1786116607011;7667583131993591061;7667583131993591061;crochesdamima_;crochês da mima ⁎⁺˳✧༚;117;9;4;https://p19-common-sign.tiktokcdn.com/tos-alisg-avt-0068/9fb302ce186f2cf2840e9ad28e03a432~tplv-tiktokx-cropcenter:100:100.jpeg?dr=14579&refresh_token=fc221275&x-expires=1786287600&x-signature=SIho7nHTE19%2BpvBHBJbcGZq02hE%3D&t=4d5b0474&ps=13740610&shp=a5d48078&shcp=81f88b70&idc=my2;vem acompanhar a criação de um fidget toy de camarão 🦐♡ #crochet #amigurumi;;2026-07-28 14:18:43;1785248323;no;no;no;no;no;som original;7667583170120518408;https://v16-webapp-prime.tiktok.com/video/tos/alisg/tos-alisg-v-27dcd7/oQHEkIeIBDua4Q8oi8FBgpEEJCoaA2GfUABqAL/?a=1988&bti=ODszNWYuMDE6&&bt=125&ft=GNDpcInz7ThQbzWGXq8Zmo&mime_type=audio_mpeg&rc=M3hrc245cmtlPDMzODU8NEBpM3hrc245cmtlPDMzODU8NEBycDAuMmRraGhhLS1kMS1zYSNycDAuMmRraGhhLS1kMS1zcw%3D%3D&expire=1786120280&l=202608072330129194ED31CA9A4698412C&ply_type=3&policy=3&signature=72275aa42beba89180a377d21a7b7adb&tk=0&btag=e00048000;https://p16-common-sign.tiktokcdn.com/tos-alisg-avt-0068/9fb302ce186f2cf2840e9ad28e03a432~tplv-tiktokx-cropcenter:1080:1080.jpeg?dr=14579&refresh_token=97568c8d&x-expires=1786287600&x-signature=M1Ltl5dmBKusf3cPw3zq62pMCsM%3D&t=4d5b0474&ps=13740610&shp=a5d48078&shcp=81f88b70&idc=my2;crochês da mima ⁎⁺˳✧༚;https://v16-webapp-prime.tiktok.com/video/tos/alisg/tos-alisg-pve-0037c001/o0eoQcG0kDAPdQUjYLFqBRqg7EogGBaaIKfqRE/?a=1988&bti=ODszNWYuMDE6&&bt=1232&ft=-Csk_mrMPD12NlzDvn-UxdT59Y6e3wv25AcAp&mime_type=video_mp4&rc=OTk0ZWg0ZzlpMzwzNTk1aUBpajZvNW85cjxlPDMzODczNEA2YTVjYDFiNWIxNGAuXjY0YSMuNS1hMmQ0aGhhLS1kMWBzcw%3D%3D&expire=1786289480&l=202608072330129194ED31CA9A4698412C&ply_type=2&policy=2&signature=5b151edfeb1621af6a3cb8de60640637&tk=tt_chain_token&btag=e00088000;https://www.tiktok.com/@crochesdamima_/video/7667583131993591061;https://p16-common-sign.tiktokcdn.com/tos-alisg-p-0037/osEAJIY1JIB6iTaXLtCnBIaDuOoUCAFikDimP~tplv-tiktokx-origin.image?dr=14575&x-expires=1786287600&x-signature=9kIe4QrlOM5m71hDzccpl8wI9IA%3D&t=4d5b0474&ps=13740610&shp=81f88b70&shcp=43f4a2f9&idc=my2;772;34;13;6131;crochet,amigurumi;crochet,amigurumi;;;;
https://www.tiktok.com/search?q=#amigurumi&t=1786116607011;7634613957910646036;7634613957910646036;monna.atelie;Monna.Atelie;6462;1466;235;https://p16-common-sign.tiktokcdn.com/tos-maliva-avt-0068/f361a1151e3ddf711426f10a5829fdf9~tplv-tiktokx-cropcenter:100:100.jpeg?dr=14579&refresh_token=508af1d5&x-expires=1786287600&x-signature=U65thBF0uGyKb%2BIapxbWF%2Fef10w%3D&t=4d5b0474&ps=13740610&shp=a5d48078&shcp=81f88b70&idc=my2;Sid❤️ #crochet #cute #amigurumi #fyp #crochetersoftiktok ;;2026-04-30 18:01:31;1777572091;no;no;no;no;no;sonido original;7208642853458004741;https://v16-webapp-prime.tiktok.com/video/tos/useast2a/tos-useast2a-v-27dcd7/f554f74a928b459ba5d09f13f40913a4/?a=1988&bti=ODszNWYuMDE6&&bt=125&ft=GNDpcInz7ThQbzWGXq8Zmo&mime_type=audio_mpeg&rc=ajUzcTw6Znk2ajMzNzU8M0BpajUzcTw6Znk2ajMzNzU8M0BnNTFpcjRvcDJgLS1kMTZzYSNnNTFpcjRvcDJgLS1kMTZzcw%3D%3D&expire=1786120255&l=202608072330129194ED31CA9A4698412C&ply_type=3&policy=3&signature=2d8d2a295407fe702bc3ddde7d4b8b26&tk=0&btag=e00048000;https://p16-common-sign.tiktokcdn.com/tos-alisg-avt-0068/d85f9ef9b32aacf188c93b958fdd5f54~tplv-tiktokx-cropcenter:1080:1080.jpeg?dr=14579&refresh_token=ce37a72d&x-expires=1786287600&x-signature=e7tl%2BjynSKFIjVwkHiPntgbrJjQ%3D&t=4d5b0474&ps=13740610&shp=a5d48078&shcp=81f88b70&idc=my2;dinoedits_superandom🦖;https://v16-webapp-prime.tiktok.com/video/tos/alisg/tos-alisg-pve-0037c001/oIeImzro5CDL1meIQE2aaBAVdhHAUT9eGIjzI7/?a=1988&bti=ODszNWYuMDE6&&bt=910&eid=20480&ft=-Csk_mrMPD12NlzDvn-UxdT59Y6e3wv25AcAp&mime_type=video_mp4&rc=cnF8b2hsc2d3SkBwaHIxaDFybndmNDgzNTg4NzdpNzk3ZjRkZEBpM2hlOnA5cndzOjMzODczNEBjRl5Nc3FePmJKYSNvYF90aHFmOiMtXjU1NGExNWAxMV82M2MtYSNzam9oMmRjZW1hLS1kMTFzcw%3D%3D&expire=1786289425&l=202608072330129194ED31CA9A4698412C&ply_type=2&policy=2&signature=848860395d41c43007cacae7a7e75a13&tk=tt_chain_token&btag=e000b0000;https://www.tiktok.com/@monna.atelie/video/7634613957910646036;https://p16-common-sign.tiktokcdn.com/tos-alisg-p-0037/oMIRjUpA54uAn5fzDBExC8FD9AACNgf3EmEABP~tplv-tiktokx-origin.image?dr=14575&x-expires=1786287600&x-signature=56%2BCS83gAt14BnlANPRu8p2Rieo%3D&t=4d5b0474&ps=13740610&shp=81f88b70&shcp=43f4a2f9&idc=my2;12600;70;4481;454400;crochet,cute,amigurumi,fyp,crochetersoftiktok;crochet,cute,amigurumi,fyp,crochetersoftiktok;;;;
https://www.tiktok.com/search?q=#amigurumi&t=1786116607011;7650649644594154772;7650649644594154772;ateliecarolinasouza;Ateliê da Carolina;28100;359;216;https://p19-common-sign.tiktokcdn.com/tos-alisg-avt-0068/6b0fa3db47263b04378dc75b85b88ff2~tplv-tiktokx-cropcenter:100:100.jpeg?dr=14579&refresh_token=83064bbf&x-expires=1786287600&x-signature=90oaavusikqyO8SEMC4T6uXecB4%3D&t=4d5b0474&ps=13740610&shp=a5d48078&shcp=81f88b70&idc=my2;🌸🌸🌸🩷!!! #portamaternidade #amigurumi #amigurumiscrochet #enxovaldebebe  #amigurumis ;;2026-06-12 23:08:10;1781305690;no;no;no;no;no;sonido original;7635727687135726344;https://v16-webapp-prime.tiktok.com/video/tos/alisg/tos-alisg-v-27dcd7/oUeUB9hQgIC42AELnWG3vfAGwgEjxBDHpIgJAF/?a=1988&bti=ODszNWYuMDE6&&bt=125&ft=GNDpcInz7ThQbzWGXq8Zmo&mime_type=audio_mpeg&rc=M3U0PGs5cnJyOjMzODU8NEBpM3U0PGs5cnJyOjMzODU8NEBgNGJwMmRjb29hLS1kMS1zYSNgNGJwMmRjb29hLS1kMS1zcw%3D%3D&expire=1786120245&l=202608072330129194ED31CA9A4698412C&ply_type=3&policy=3&signature=ae97e77cafd39164a0861b4f9ef41fda&tk=0&btag=e00048000;https://p16-common-sign.tiktokcdn.com/tos-maliva-avt-0068/ed7608c94904396ff21055848316c366~tplv-tiktokx-cropcenter:1080:1080.jpeg?dr=14579&refresh_token=9071e30b&x-expires=1786287600&x-signature=J3V2fBhFPLno%2BOMN5jt2Ypy%2FgIg%3D&t=4d5b0474&ps=13740610&shp=a5d48078&shcp=81f88b70&idc=my2;Juanda Zapata;https://v16-webapp-prime.tiktok.com/video/tos/alisg/tos-alisg-pve-0037c001/ogCsgTzSWXPEAitiySa1MPYkBQEaAibR5BrAI/?a=1988&bti=ODszNWYuMDE6&&bt=1217&eid=20480&ft=-Csk_mrMPD12NlzDvn-UxdT59Y6e3wv25AcAp&mime_type=video_mp4&rc=cnF8b2hsc2d3SkBwaHIxaDFybndmZ2VpNjY4ZDlmN2g2aGg7OEBpamlnN205cjM8OzMzODczNEBjRl5Nc3FePmJKYSNvYF90aHFmOiMtYjJjMjIxNTYxMy0tNTJeYSNuMWczMmQ0L2phLS1kMWBzcw%3D%3D&expire=1786289428&l=202608072330129194ED31CA9A4698412C&ply_type=2&policy=2&signature=c90d3b256dbca464f86dda2c3f1cd8f3&tk=tt_chain_token&btag=e000b8000;https://www.tiktok.com/@ateliecarolinasouza/video/7650649644594154772;https://p16-common-sign.tiktokcdn.com/tos-alisg-p-0037/o8QjI4UASGZxtBqsGDQIfWLwOjCCtAeMIkIfJV~tplv-tiktokx-origin.image?dr=14575&x-expires=1786287600&x-signature=va4L%2FEUAavYkO72JrzoEOjl7BBo%3D&t=4d5b0474&ps=13740610&shp=81f88b70&shcp=43f4a2f9&idc=my2;20200;686;1602;501700;portamaternidade,amigurumi,amigurumiscrochet,enxovaldebebe,amigurumis;portamaternidade,amigurumi,amigurumiscrochet,enxovaldebebe,amigurumis;;;;
https://www.tiktok.com/search?q=#amigurumi&t=1786116607011;7096953943544253702;7096953943544253702;amigurumi.solidario;Amigurumi solidário;3632;4163;170;https://p16-common-sign.tiktokcdn.com/tos-maliva-avt-0068/8e6582fcee02f3b557841d417cfe4f9a~tplv-tiktokx-cropcenter:100:100.jpeg?dr=14579&refresh_token=07d4de81&x-expires=1786287600&x-signature=jIlDU9%2BXAxOCJnbrv5d4%2B6dwQdA%3D&t=4d5b0474&ps=13740610&shp=a5d48078&shcp=81f88b70&idc=my2;aí que nervoso!#amigurumi #foryou #bailarina #croche #crochetersoftiktok;E eu que estava fazendo uma boneca com sobras de linhas para doar  E aconteceu o que eu mais temiaaaaaa acabou a linha e não consegui terminar a outra perninha será que alguém vai perceber se eu deixar assim? socorroooooo!!!;2022-05-12 20:45:56;1652388356;no;no;no;no;no;Oh No;6586947002464996102;;https://p16-sign-sg.tiktokcdn.com/tos-alisg-v-2774/35b4d0674c0b447783f4c3ea9ae879c6~720x720.jpeg?lk3s=08d74b56&x-expires=1786138213&x-signature=OschLxHL8qkCnE2ZgfAJMV%2FAEmA%3D;Kreepa;;https://www.tiktok.com/@amigurumi.solidario/video/7096953943544253702;https://p16-common-sign.tiktokcdn.com/tos-maliva-p-0068/fabc49680492482c9b510f5307d73ffa~tplv-tiktokx-origin.image?dr=14575&x-expires=1786287600&x-signature=YFQybbN%2BdIYpL4IaejiKPSdxb7Q%3D&t=4d5b0474&ps=13740610&shp=81f88b70&shcp=43f4a2f9&idc=my2;133100;456;93;1100000;amigurumi,foryou,bailarina,croche,crochetersoftiktok;amigurumi,foryou,bailarina,croche,crochetersoftiktok;;;;
https://www.tiktok.com/search?q=#amigurumi&t=1786116607011;7485812143435156742;7485812143435156742;delicadeza_pontoaponto;Delicadeza Ponto a Ponto;50400;586;310;https://p16-common-sign.tiktokcdn.com/tos-maliva-avt-0068/d885ea28fed3776024a0fd6490a55995~tplv-tiktokx-cropcenter:100:100.jpeg?dr=14579&refresh_token=06aa8132&x-expires=1786287600&x-signature=jqDA15rHwqWk%2Fpws%2BzuNhsDs%2BnU%3D&t=4d5b0474&ps=13740610&shp=a5d48078&shcp=81f88b70&idc=my2;Respondendo a @dádiva٭  Tutorial: https://youtu.be/D_jQKv3Q8FE?si=tWPbtalmAhDdnvpm Receita: @Miguelscrochet  #amigurumi #croche #fyy #fyp #viral_video ;;2025-03-25 18:14:29;1742926469;no;no;no;no;no;Peace Blossom Boogy;6737345809517381634;https://sf16-ies-music-sg.tiktokcdn.com/obj/tos-alisg-ve-2774/o0AuBkwxIi61rW8OIziByZfUMcizwj29AoPJBs;https://p16-sg.tiktokcdn.com/aweme/720x720/tos-alisg-v-2774/o0CxoEDEBj3j8AkGwifYBcAA5i4bAzAWc0ssHP.jpeg;Babe Rainbow;https://v16-webapp-prime.tiktok.com/video/tos/useast2a/tos-useast2a-ve-0068c004/ooJE4SGR8Q5sEpuBEnvQhJDgFgfgABWiGIOeqK/?a=1988&bti=ODszNWYuMDE6&&bt=2029&ft=-Csk_mrMPD12NlzDvn-Ux-M2KY6e3wv25bcAp&mime_type=video_mp4&rc=aDpmOzppOjc7ZjU7NGdpZUBpanhyZ2o5cnJpeTMzNzczM0BhLmIyYzIvX18xMjRfMTYxYSMxMW5iMmQ0MWVgLS1kMTZzcw%3D%3D&expire=1786289479&l=202608072330129194ED31CA9A4698412C&ply_type=2&policy=2&signature=03d7bd5b391955b2572cb4dc66d240ca&tk=tt_chain_token&btag=e00090000;https://www.tiktok.com/@delicadeza_pontoaponto/video/7485812143435156742;https://p16-common-sign.tiktokcdn.com/tos-maliva-p-0068/oEJDlAxAEDKAIoFQnO5An8vflKfRCDE4iEBN65~tplv-tiktokx-origin.image?dr=14575&x-expires=1786287600&x-signature=E4VHBsMfA%2Fb%2FTl1fwGahDT5uHyk%3D&t=4d5b0474&ps=13740610&shp=81f88b70&shcp=43f4a2f9&idc=my2;20100;312;4776;325900;amigurumi,croche,fyy,fyp,viral_video;amigurumi,croche,fyy,fyp,viral_video;;;;
https://www.tiktok.com/search?q=#amigurumi&t=1786116607011;7617145360280063240;7617145360280063240;crochesjheni;Crochês da jheni;5652;2385;200;https://p16-common-sign.tiktokcdn.com/tos-maliva-avt-0068/d317e572dac6065fff0c818fb05cc3c2~tplv-tiktokx-cropcenter:100:100.jpeg?dr=14579&refresh_token=e63d05e9&x-expires=1786287600&x-signature=%2F3GB4GTarE4w2IxLm8a82rjE0RQ%3D&t=4d5b0474&ps=13740610&shp=a5d48078&shcp=81f88b70&idc=my2;Com nove aninhos toda empolgada fazendo seu amigurumi 🥹🫶🏻 #chenille #viraltiktok #crochetersoftiktok ;O primeiro amigurumi da minha filha  🥹🥹🫶🏻;2026-03-14 16:14:23;1773504863;no;no;no;no;no;So Easy (To Fall In Love);7553863604693878800;https://sf16-ies-music-sg.tiktokcdn.com/obj/tos-alisg-ve-2774/oAf0XVsnWdBajWoigRiIiImEAd1hMwA3yJOo2B;https://p77-sg.tiktokcdn.com/aweme/720x720/tos-alisg-v-2774/ochRDAADRDDJwmtWCeFEAhDearFz04AEEcfjgI.jpeg;Olivia Dean;https://v16-webapp-prime.tiktok.com/video/tos/alisg/tos-alisg-ve-37c815-sg/oIDBlxDeFDcXtOMrBRO8ABNEZ0NQIcgfgpY0JE/?a=1988&bti=ODszNWYuMDE6&&bt=1003&ft=-Csk_mrMPD12NlzDvn-UxdT59Y6e3wv25AcAp&mime_type=video_mp4&rc=ZmQzNTM3OjNnZTM7N2c4ZEBpM2h0aHQ5cm9yOTMzODczNEBgMTEvLzBjXy8xYGMyMjI2YSNjYWQzMmRzZm5hLS1kMWBzcw%3D%3D&expire=1786289421&l=202608072330129194ED31CA9A4698412C&ply_type=2&policy=2&signature=0edf145af104537ba92defbdf41513e3&tk=tt_chain_token&btag=e000b0000;https://www.tiktok.com/@crochesjheni/video/7617145360280063240;https://p16-common-sign.tiktokcdn.com/tos-alisg-p-0037/ocfX2cWCYp0JIgEKiNNFZE6DBzietIR1l0cAEB~tplv-tiktokx-origin.image?dr=14575&x-expires=1786287600&x-signature=pVINb7Qt2k8WCvEoIwUOf%2B6IrmU%3D&t=4d5b0474&ps=13740610&shp=81f88b70&shcp=43f4a2f9&idc=my2;17700;221;528;758500;chenille,viraltiktok,crochetersoftiktok;chenille,viraltiktok,crochetersoftiktok;;;;
https://www.tiktok.com/search?q=#amigurumi&t=1786116607011;7669548068697656583;7669548068697656583;duds_aamorim;Duds_Amigurumi;851;2679;75;https://p16-common-sign.tiktokcdn.com/tos-alisg-avt-0068/c7d74af0d2302ca3c641682a7a5194ec~tplv-tiktokx-cropcenter:100:100.jpeg?dr=14579&refresh_token=183f51f8&x-expires=1786287600&x-signature=BjpIdOG8pYREVLBjzz7b7SArwjU%3D&t=4d5b0474&ps=13740610&shp=a5d48078&shcp=81f88b70&idc=my2;Olha como tá ficando essa boneca😍 faltando o cabelo #amigurumi #boneca #crochet #amigurumilove #fyp ;;2026-08-02 21:23:43;1785705823;no;no;no;no;no;Fantasy world fairy village(1580444);7426811799822190593;https://sf16-ies-music-sg.tiktokcdn.com/obj/tos-alisg-ve-2774/o4heIYLUjYgjWabRDQGFMwImzeOAVCwaBqIFeX;https://p16-sg.tiktokcdn.com/aweme/720x720/tos-alisg-v-2774/08d30489a31241df855c3f1e1f0b2711.jpeg;Moeko Kameda;https://v16-webapp-prime.tiktok.com/video/tos/alisg/tos-alisg-pve-0037c001/oUn3GepTIIP4EWtbeQUALCOvIKj2ArxflDlBI9/?a=1988&bti=ODszNWYuMDE6&&bt=1509&eid=20480&ft=-Csk_mrMPD12NlzDvn-UxdT59Y6e3wv25AcAp&mime_type=video_mp4&rc=ZDs0OWQ4N2RlOmU6N2ZoNUBpamdra3Q5cnR1PDMzODczNEAuYi42LTMtNTExLi1eY2MxYSNzZWxjMmRjNmthLS1kMWBzcw%3D%3D&expire=1786289422&l=202608072330129194ED31CA9A4698412C&ply_type=2&policy=2&signature=094ff034a1059c91a67ebb13feb439ad&tk=tt_chain_token&btag=e00070000;https://www.tiktok.com/@duds_aamorim/video/7669548068697656583;https://p16-common-sign.tiktokcdn.com/tos-alisg-p-0037/oMnAiAAi7EAyBIAw41CNnqI9xWtuBf1BOVk1yv~tplv-tiktokx-origin.image?dr=14575&x-expires=1786287600&x-signature=I2iduGCO9zxMMKpyENBwn12qOIA%3D&t=4d5b0474&ps=13740610&shp=81f88b70&shcp=43f4a2f9&idc=my2;1024;71;41;12400;amigurumi,boneca,crochet,amigurumilove,fyp;amigurumi,boneca,crochet,amigurumilove,fyp;;;;
https://www.tiktok.com/search?q=#amigurumi&t=1786116607011;7507733151075061034;7507733151075061034;buttonheartstudi0;ButtonHeart;5590;95;81;https://p16-common-sign.tiktokcdn.com/tos-maliva-avt-0068/36306dc50248019225ce4b8b18e182a2~tplv-tiktokx-cropcenter:100:100.jpeg?dr=14579&refresh_token=5ed58799&x-expires=1786287600&x-signature=IH0hsyQ984mExXUnHYvrFtHK9O8%3D&t=4d5b0474&ps=13740610&shp=a5d48078&shcp=81f88b70&idc=my2;Crocheting a mini jellyfish today💜 #crochet #amigurumi #crochetplush #crochettoy #beginnercrochet #easycrochet #crochetpattern #crochettutorial #amigurumilove #amigurumiaddict #craftideas #oceanlife #jellyfish #wildlife #environment ;;2025-05-23 19:59:44;1748030384;no;no;no;no;no;Peekaboo x Paper Planes by Altégo;7463940736317262625;https://v16-webapp-prime.tiktok.com/video/tos/no1a/tos-no1a-v-2370c710-no/oEQAQ4i8PR7QKZhMffVeEAWoUA9McJAaSZefUJ/?a=1988&bti=ODszNWYuMDE6&&bt=125&ft=GNDpcInz7ThQbzWGXq8Zmo&mime_type=audio_mpeg&rc=anhka3E5cjZteDMzZjU8M0Bpanhka3E5cjZteDMzZjU8M0BuYGxkMmRzcV5gLS1kMWNzYSNuYGxkMmRzcV5gLS1kMWNzcw%3D%3D&expire=1786120244&l=202608072330129194ED31CA9A4698412C&ply_type=3&policy=3&signature=8d98789c65c1f655b350af9594c249aa&tk=0&btag=e00048000;https://p16-common-sign.tiktokcdn.com/tos-maliva-avt-0068/793e0be723db87da0632f63a38a60f67~tplv-tiktokx-cropcenter:1080:1080.jpeg?dr=14579&refresh_token=8ec03e46&x-expires=1786287600&x-signature=h0VlyVPYr6nfahtnRBi8VmMnsj8%3D&t=4d5b0474&ps=13740610&shp=a5d48078&shcp=81f88b70&idc=my2;ALTÉGO;https://v16-webapp-prime.tiktok.com/video/tos/alisg/tos-alisg-ve-37c799-sg/o0EoXyIgSXAFoEN0stRkfMf8pNDKDBEEYQ7orw/?a=1988&bti=ODszNWYuMDE6&&bt=3011&ft=-Csk_mrMPD12NlzDvn-UxdT59Y6e3wv25AcAp&mime_type=video_mp4&rc=NTY1aTM6ZzlpNGU3ZGgzN0BpMzc0eXk5cnZnMzMzZzczNEBgLWIzYDM0XzQxL2A1LzIwYSNoZTJpMmRrM2xhLS1kMS9zcw%3D%3D&expire=1786289425&l=202608072330129194ED31CA9A4698412C&ply_type=2&policy=2&signature=b3ea16ab7b7e8999bb00dd1a9d8f7a76&tk=tt_chain_token&btag=e000b0000;https://www.tiktok.com/@buttonheartstudi0/video/7507733151075061034;https://p16-common-sign.tiktokcdn.com/tos-useast5-p-0068-tx/oAkwyrNEX8RoKIJINBFoA0ADgoSnCDY7fNMEYf~tplv-tiktokx-origin.image?dr=14575&x-expires=1786287600&x-signature=Wv89NN36F5AdDkqUYjHig3xolss%3D&t=4d5b0474&ps=13740610&shp=81f88b70&shcp=43f4a2f9&idc=my2;26100;56;539;827900;crochet,amigurumi,crochetplush,crochettoy,beginnercrochet,easycrochet,crochetpattern,crochettutorial,amigurumilove,amigurumiaddict,craftideas,oceanlife,jellyfish,wildlife,environment;crochet,amigurumi,crochetplush,crochettoy,beginnercrochet,easycrochet,crochetpattern,crochettutorial,amigurumilove,amigurumiaddict,craftideas,oceanlife,jellyfish,wildlife,environment;;;;
https://www.tiktok.com/search?q=#amigurumi&t=1786116607011;7498523403465264389;7498523403465264389;thinnie.hahndmade;Thinnie;9977;1188;48;https://p16-common-sign.tiktokcdn.com/tos-maliva-avt-0068/9ab2267f0aa81c056beec649e7ff656b~tplv-tiktokx-cropcenter:100:100.jpeg?dr=14579&refresh_token=882f4cad&x-expires=1786287600&x-signature=3UDmvZ7DM3D5c2fAW47N2M4seaM%3D&t=4d5b0474&ps=13740610&shp=a5d48078&shcp=81f88b70&idc=my2;minha primeira receita para venda está disponível!  edit: aqui nos comentários tem o link para receita, não sei pq, não consegui fixar o comentário 🥲 #amigurumi #amigurumibrasil #stitchamigurumi ;;2025-04-29 00:20:36;1745886036;no;no;no;no;no;som original;7498523387250150150;https://v16-webapp-prime.tiktok.com/video/tos/useast2a/tos-useast2a-v-27dcd7/oceYQE5JJt5QoCGfQaWEUB1885SDUBFWJLpBgO/?a=1988&bti=ODszNWYuMDE6&&bt=125&ft=GNDpcInz7ThvbzWGXq8Zmo&mime_type=audio_mpeg&rc=PDY8ZDc1NGlkODU3OjY2M0BpanZseXY5cm80MzMzNzU8M0AxXzM0L2M0XzUxNmMwY2JgYSNpYmdmMmRrajVhLS1kMTZzcw%3D%3D&expire=1786120237&l=20260807233017BCAC69F48416A5949B71&ply_type=3&policy=3&signature=5e3083774c6c5b45c9a1d2991fcc8a00&tk=0&btag=e00078000;https://p16-common-sign.tiktokcdn.com/tos-maliva-avt-0068/9ab2267f0aa81c056beec649e7ff656b~tplv-tiktokx-cropcenter:1080:1080.jpeg?dr=14579&refresh_token=3e4cd9ee&x-expires=1786287600&x-signature=nO90Y8Fu4FmsPdI2r%2BZ7f%2FfPMig%3D&t=4d5b0474&ps=13740610&shp=a5d48078&shcp=81f88b70&idc=my2;Thinnie;https://v16-webapp-prime.tiktok.com/video/tos/useast2a/tos-useast2a-pve-0068/oASGIOX0IjPAReLgQEpAlaDeYaHjCXIIegCYCv/?a=1988&bti=ODszNWYuMDE6&&bt=1247&ft=-Csk_mrMPD12N5zDvn-Uxl.5NY6e3wv25WcAp&mime_type=video_mp4&rc=OzdoOWQ3O2Y8NGQzOjZkOkBpM3Q4M2s5cmw0MzMzNzczM0AvLi9eYDJjXjYxMGMtNC4vYSM2azJvMmRzajVhLS1kMTZzcw%3D%3D&expire=1786289437&l=20260807233017BCAC69F48416A5949B71&ply_type=2&policy=2&signature=2bedba4f95362cda66136efa87ead7f3&tk=tt_chain_token&btag=e000b8000;https://www.tiktok.com/@thinnie.hahndmade/video/7498523403465264389;https://p16-common-sign.tiktokcdn.com/tos-maliva-p-0068/ocEGtIB09CQG2iO173AB0oACEmgfAlAAcIAIiA~tplv-tiktokx-origin.image?dr=14575&x-expires=1786287600&x-signature=HFlSSGw66bTYrFv7wMXVKJx7BKA%3D&t=4d5b0474&ps=13740610&shp=81f88b70&shcp=43f4a2f9&idc=my2;202500;1430;29500;2100000;amigurumi,amigurumibrasil,stitchamigurumi;amigurumi,amigurumibrasil,stitchamigurumi;;;;
https://www.tiktok.com/search?q=#amigurumi&t=1786116607011;7593831326013246741;7593831326013246741;florencycroche;Flo crochê  𝅄 ꣑ৎ ࣪;2483;799;275;https://p16-common-sign.tiktokcdn.com/tos-alisg-avt-0068/b82b551d0fc327ffa778b5e92071959b~tplv-tiktokx-cropcenter:100:100.jpeg?dr=14579&refresh_token=c6aaff97&x-expires=1786287600&x-signature=VxcSS8pW%2FgAdgK5QBz%2FsITmYLOA%3D&t=4d5b0474&ps=13740610&shp=a5d48078&shcp=81f88b70&idc=my2;Mini amigurumi de One Piece ♡ #crochettiktok #crochet #onepiece #luffy #law ;;2026-01-10 20:24:17;1768076657;no;no;no;no;no;som original;7576905874164566801;https://v16-webapp-prime.tiktok.com/video/tos/alisg/tos-alisg-v-27dcd7/oYiEKAEKEABf8EAmA0AwxB95oAinvkkB0Lsgj7/?a=1988&bti=ODszNWYuMDE6&&bt=125&ft=GNDpcInz7ThvbzWGXq8Zmo&mime_type=audio_mpeg&rc=amlldnU5cmo8NzMzODU8NEBpamlldnU5cmo8NzMzODU8NEAtZzZyMmRjNGdhLS1kMS1zYSMtZzZyMmRjNGdhLS1kMS1zcw%3D%3D&expire=1786120232&l=20260807233017BCAC69F48416A5949B71&ply_type=3&policy=3&signature=eb1915068bdcb3ba060c75580b606f65&tk=0&btag=e00078000;https://p16-common-sign.tiktokcdn.com/tos-alisg-avt-0068/7bf8c6fc4040d5ca3b94e120ec886e0a~tplv-tiktokx-cropcenter:1080:1080.jpeg?dr=14579&refresh_token=c20db576&x-expires=1786287600&x-signature=O2pmHyoJiwa4%2FvMRvTc%2FUfOJsLE%3D&t=4d5b0474&ps=13740610&shp=a5d48078&shcp=81f88b70&idc=my2;Sansão Gomes;https://webapp-sg.tiktok.com/ba1d5ae24ce8ba2c573b028e4161c037/6a789d18/kmoat/mps/logo/v2/r/p/v10044g50000d5hb9gnog65va6ob4lig/c585a8493fa440489a7bcc7747737d27/dc1df2c4b7bf03b34cc9e7b494e1b7a8/mp4/main.mp4?a=1988&bti=ODszNWYuMDE6&&bt=0&eid=1286&ft=bLZkAmrMPD12N5zDvn-Uxl.5NY6e3wv25WcAp&mime_type=video_mp4&rc=cnF8b2hsc2d3SkBwaHIxaDFybndmOmc2OjpmZWQ7MzdpPDs4OEBpam9lOXk5cmplODMzODczNEBjRl5Nc3FePmJKYSNvYF90aHFmOiMvNDQxNGA0NjExXjAxXjVgYSNmMWxeMmRrNmVhLS1kMS1zcw%3D%3D&definition=720p&du=15&item_id=7593831326013246741&l=20260807233017BCAC69F48416A5949B71&logo_type=tiktok_m&ply_type=2&policy=eyJ2bSI6MiwiY2siOiJ0dF9jaGFpbl90b2tlbiJ9&user_text=florencycroche&btag=e000b8000;https://www.tiktok.com/@florencycroche/video/7593831326013246741;https://p16-common-sign.tiktokcdn.com/tos-alisg-p-0037/oUtVIQEKqDAtacAXArF4BRpADEIguCrYQkfeFE~tplv-tiktokx-origin.image?dr=14575&x-expires=1786287600&x-signature=Kie5aV1Vm8jhn1JxyWtsJnQ%2B%2BOI%3D&t=4d5b0474&ps=13740610&shp=81f88b70&shcp=43f4a2f9&idc=my2;2493;16;94;42000;crochettiktok,crochet,onepiece,luffy,law;crochettiktok,crochet,onepiece,luffy,law;;;;
https://www.tiktok.com/search?q=#amigurumi&t=1786116607011;7128018744802086149;7128018744802086149;artedelinha;Arte de linha 🧶;1287;162;62;https://p16-common-sign.tiktokcdn.com/tos-alisg-avt-0068/d9c6c7698535771ed3e774be802c3af2~tplv-tiktokx-cropcenter:100:100.jpeg?dr=14579&refresh_token=bf26349f&x-expires=1786287600&x-signature=Koq8Nj%2BWBZer8N%2B8x2BGtIFB04Y%3D&t=4d5b0474&ps=13740610&shp=a5d48078&shcp=81f88b70&idc=my2;E seguimos com mais um dia , já já ela vai ficar prontinha 😍#crochetersoftiktok #amigurumi #crochettutorial #bonecaamigurumi;;2022-08-04 13:53:16;1659621196;no;no;no;no;no;A Boneca;6728129949095446530;https://sf16-ies-music-sg.tiktokcdn.com/obj/tos-alisg-ve-2774/oIYKZUIgnQQrtCBhiB5FnXXEYbDdcSChxgfVfN;https://p16-sg.tiktokcdn.com/aweme/720x720/tos-alisg-v-2774/oYQtB5FQeICT8A2nYJciKfAsEgE4nBDHnIHZAF.jpeg;Jardim de Infância;https://webapp-sg.tiktok.com/fe31c800d6856be52e8d2cadacd926be/6a789d0e/kmoat/mps/logo/v2/r/p/v09044g40000cblst8jc77u8smksktp0/0b9046a652bc4ab986a23d2057a30afb/91afad194b21a68f039185385b9e84e9/mp4/main.mp4?a=1988&bti=ODszNWYuMDE6&&bt=0&ft=bLZkAmrMPD12N5zDvn-Uxl.5NY6e3wv25WcAp&mime_type=video_mp4&rc=cnF8b2hsc2d3SkBwaHIxaDFybndmZWQ2OjNnNTk8ZGY1OTkzZUBpM3d2cDs6Zjt2ZTMzNzczM0BjRl5Nc3FePmJKYSNvYF90aHFmOiNjLV4yLzBeNV8xXzJeMTYtYSNtaGhwcjRncWlgLS1kMTZzcw%3D%3D&definition=720p&du=6&item_id=7128018744802086149&l=20260807233017BCAC69F48416A5949B71&logo_type=tiktok_m&ply_type=2&policy=eyJ2bSI6MiwiY2siOiJ0dF9jaGFpbl90b2tlbiJ9&user_text=artedelinha&btag=e000b0000;https://www.tiktok.com/@artedelinha/video/7128018744802086149;https://p16-common-sign.tiktokcdn.com/tos-maliva-p-0068/bf725ab3c2f4433a8937a1df25d62890~tplv-tiktokx-origin.image?dr=14575&x-expires=1786287600&x-signature=rsFLol4IqAmgXnXMqFBueN5TlBg%3D&t=4d5b0474&ps=13740610&shp=81f88b70&shcp=43f4a2f9&idc=my2;6334;23;283;2100000;crochetersoftiktok,amigurumi,crochettutorial,bonecaamigurumi;crochetersoftiktok,amigurumi,crochettutorial,bonecaamigurumi;;;;
https://www.tiktok.com/search?q=#amigurumi&t=1786116607011;7556024471392406840;7556024471392406840;donamochi.art;Cecí - Dona Mochi;1739;9908;76;https://p16-common-sign.tiktokcdn.com/tos-alisg-avt-0068/7b452e2b5cc30aa0a22cf7379fbb4fa4~tplv-tiktokx-cropcenter:100:100.jpeg?dr=14579&refresh_token=68368845&x-expires=1786287600&x-signature=YMI6X2GLWVsaMdnSyqobCXBM%2FDo%3D&t=4d5b0474&ps=13740610&shp=a5d48078&shcp=81f88b70&idc=my2;#btsamigurumi #btsarmy #bts #handicap ;;2025-09-30 23:14:09;1759274049;no;no;no;no;no;som original;7556024493953551116;https://v16-webapp-prime.tiktok.com/video/tos/useast2a/tos-useast2a-v-27dcd7/oAEzEJFJA6JC3IzcBADCER3fJRoQZBDUAGEnfS/?a=1988&bti=ODszNWYuMDE6&&bt=125&ft=GNDpcInz7ThvbzWGXq8Zmo&mime_type=audio_mpeg&rc=ajt5eHk5cmo5NjMzNzU8M0Bpajt5eHk5cmo5NjMzNzU8M0AxM2g1MmRrNWJhLS1kMTZzYSMxM2g1MmRrNWJhLS1kMTZzcw%3D%3D&expire=1786120257&l=20260807233017BCAC69F48416A5949B71&ply_type=3&policy=3&signature=68ea8b464bc9fb51c96d0694ab17941c&tk=0&btag=e00048000;https://p19-common-sign.tiktokcdn.com/tos-alisg-avt-0068/7b452e2b5cc30aa0a22cf7379fbb4fa4~tplv-tiktokx-cropcenter:1080:1080.jpeg?dr=14579&refresh_token=639135a9&x-expires=1786287600&x-signature=Bu6885AJBUwMuZ9KGAiOPBRccbw%3D&t=4d5b0474&ps=13740610&shp=a5d48078&shcp=81f88b70&idc=my2;Cecí - Dona Mochi;;https://www.tiktok.com/@donamochi.art/video/7556024471392406840;https://p16-common-sign.tiktokcdn.com/tos-maliva-p-0068/okAAu9IQIFAjffceNyLk4aGEAHDGJRA2GIZGAe~tplv-tiktokx-origin.image?dr=14575&x-expires=1786287600&x-signature=AO2H3nx5whwzyUCZv26QJ3fZ%2FeE%3D&t=4d5b0474&ps=13740610&shp=81f88b70&shcp=43f4a2f9&idc=my2;5485;257;564;67100;btsamigurumi,btsarmy,bts,handicap;btsamigurumi,btsarmy,bts,handicap;;;;
https://www.tiktok.com/search?q=#amigurumi&t=1786116607011;7604165704681622791;7604165704681622791;madu.matelie;madu;2201;8678;25;https://p16-common-sign.tiktokcdn.com/tos-alisg-avt-0068/86067370b6b2f168aa137c2e7978abe0~tplv-tiktokx-cropcenter:100:100.jpeg?dr=14579&refresh_token=7e17b6b9&x-expires=1786287600&x-signature=2dUzMkRp6x22fxaKNuE6Hp2Ih9Y%3D&t=4d5b0474&ps=13740610&shp=a5d48078&shcp=81f88b70&idc=my2;atrasada na trend? #amigurumi #trending #crochet #fyp #calopsita ;;2026-02-07 16:46:40;1770482800;no;no;no;no;no;オリジナル楽曲 - どこでもジャンボリー！;7571371099867450130;https://v16-webapp-prime.tiktok.com/video/tos/alisg/tos-alisg-v-27dcd7/ooIbLpZU0BuR1gJe6XMCqFEBnGDSVEDI8f7kpQ/?a=1988&bti=ODszNWYuMDE6&&bt=125&ft=GNDpcInz7ThvbzWGXq8Zmo&mime_type=audio_mpeg&rc=ZzRpZTQ7NjU0NzszPGdnM0Bpam93Onc5cnNoNzMzODU8NEAxMGIwLjJeNjMxYjEvNF9hYSNxZmZjMmQ0ZzZhLS1kMS1zcw%3D%3D&expire=1786120230&l=20260807233017BCAC69F48416A5949B71&ply_type=3&policy=3&signature=15c5b64331943b22af204dd4a740d2c4&tk=0&btag=e00070000;https://p16-common-sign.tiktokcdn.com/tos-alisg-avt-0068/5fce17cf476e1f6128a1a103bb1e7c8b~tplv-tiktokx-cropcenter:1080:1080.jpeg?dr=14579&refresh_token=466dd58e&x-expires=1786287600&x-signature=gI5wzW6l5ImVZTuEzuw0zcYVTDM%3D&t=4d5b0474&ps=13740610&shp=a5d48078&shcp=81f88b70&idc=my2;どこでもジャンボリー！;;https://www.tiktok.com/@madu.matelie/video/7604165704681622791;https://p16-common-sign.tiktokcdn.com/tos-alisg-p-0037/osCRDEghEYpA4zEGICHAicFAghxvbBf2fNAvxr~tplv-tiktokx-origin.image?dr=14575&x-expires=1786287600&x-signature=2y4kt0ZFUcbeDiTM8y7KClJDAOw%3D&t=4d5b0474&ps=13740610&shp=81f88b70&shcp=43f4a2f9&idc=my2;171700;303;3491;2200000;amigurumi,trending,crochet,fyp,calopsita;amigurumi,trending,crochet,fyp,calopsita;;;;
https://www.tiktok.com/search?q=#amigurumi&t=1786116607011;7667361852808170770;7667361852808170770;tutorialesamigurumi;Amigurumi Paso a Paso🧶🐼;10700;213;548;https://p16-common-sign.tiktokcdn.com/tos-alisg-avt-0068/60bfcd8363e649c562bc858296c0e48c~tplv-tiktokx-cropcenter:100:100.jpeg?dr=14579&refresh_token=08554058&x-expires=1786287600&x-signature=Jqq48dqNuzKFXtekUI7CUkMsbWw%3D&t=4d5b0474&ps=13740610&shp=a5d48078&shcp=81f88b70&idc=my2;Patrón completo en PDF disponible 🧶✨ Aprende a tejer este amigurumi paso a paso y sorprende con tus creaciones 💖 Perfecto para quienes desean crear piezas preciosas e incluso venderlas 🤑 Archivo digital con explicación detallada y consejos 💡 📩 ¡Contáctame por mensaje directo para obtener tu PDF! ➡️@amigurumipasoapaso #patrónamigurumi #amigurumipdf #crochetespañol  #amigurumipasoapaso #amigurumiespañol ;;2026-07-28 00:00:11;1785196811;no;no;no;no;no;So Cute;7633721667046836241;https://sf16-ies-music-sg.tiktokcdn.com/obj/tos-alisg-ve-2774/o8btaEvDg7DBe39FfQpZBKChIcwVc8MtGGmrpQ;https://p77-sg.tiktokcdn.com/aweme/720x720/tos-alisg-v-2774/oQ5mEfQZAtYGqDDOBAgFR8cPEfbppGEBuA31wC.jpeg;Baby Zoo Fun Time;https://v16-webapp-prime.tiktok.com/video/tos/alisg/tos-alisg-pve-0037c001/o4AQniu3hZMRB8jBRfxBfPExgciZBBOE0qc3I4/?a=1988&bti=ODszNWYuMDE6&&bt=990&eid=20480&ft=-Csk_mrMPD12N5zDvn-Ux012LY6e3wv25LcAp&mime_type=video_mp4&rc=cnF8b2hsc2d3SkBwaHIxaDFybndmZjg0ZmczZDNnZTQ7ZzU7NkBpM254Zms5cnV5PDMzODczNEBjRl5Nc3FePmJKYSNvYF90aHFmOiMyYzAxLjIxXi0xMjMyLWBjYSNwcWIzMmRzLmdhLS1kMWBzcw%3D%3D&expire=1786289427&l=20260807233017BCAC69F48416A5949B71&ply_type=2&policy=2&signature=b54bc4ae4d51dbc71a94ed8ccab70a59&tk=tt_chain_token&btag=e000b0000;https://www.tiktok.com/@tutorialesamigurumi/video/7667361852808170770;https://p16-common-sign.tiktokcdn.com/tos-alisg-p-0037/oEhZBfx3Ei0cIQ80MBqgiBxnIURfA1u4JB1K3r~tplv-tiktokx-origin.image?dr=14575&x-expires=1786287600&x-signature=8v7mLB2MQ9ZP5hLPq%2FIvyy0OvEc%3D&t=4d5b0474&ps=13740610&shp=81f88b70&shcp=43f4a2f9&idc=my2;38800;645;8431;1100000;patrónamigurumi,amigurumipdf,crochetespañol,amigurumipasoapaso,amigurumiespañol;patrónamigurumi,amigurumipdf,crochetespañol,amigurumipasoapaso,amigurumiespañol;;;;
https://www.tiktok.com/search?q=#amigurumi&t=1786116607011;7653624082453286165;7653624082453286165;ateliecarolinasouza;Ateliê da Carolina;28100;359;216;https://p16-common-sign.tiktokcdn.com/tos-alisg-avt-0068/6b0fa3db47263b04378dc75b85b88ff2~tplv-tiktokx-cropcenter:100:100.jpeg?dr=14579&refresh_token=368d2fda&x-expires=1786287600&x-signature=QXXE3FV88Yi0tBjZoQPN1Xp9StY%3D&t=4d5b0474&ps=13740610&shp=a5d48078&shcp=81f88b70&idc=my2;Maria Cecília❤️ #amigurumi #portamaternidade #amogurumis #enxoval #crochet ;;2026-06-20 23:30:30;1781998230;no;no;no;no;no;som original;7309239179438017286;https://v16-webapp-prime.tiktok.com/video/tos/useast2a/tos-useast2a-v-27dcd7/ookAtyLBBeTBUC0oAAAElUviKCgivoiyoEQEGJ/?a=1988&bti=ODszNWYuMDE6&&bt=125&ft=GNDpcInz7ThvbzWGXq8Zmo&mime_type=audio_mpeg&rc=MzVmNW45cm50bzMzNzU8M0BpMzVmNW45cm50bzMzNzU8M0A1YG4uMmRrMWtgLS1kMTZzYSM1YG4uMmRrMWtgLS1kMTZzcw%3D%3D&expire=1786120243&l=20260807233017BCAC69F48416A5949B71&ply_type=3&policy=3&signature=8a60aafa71b3dceaafc4a23b795a8c8a&tk=0&btag=e00078000;https://p16-common-sign.tiktokcdn.com/tos-alisg-avt-0068/a3ee1cb7e8c07dd0d4b0786a303b8607~tplv-tiktokx-cropcenter:1080:1080.jpeg?dr=14579&refresh_token=0c562150&x-expires=1786287600&x-signature=bPjZWxrfzmnxPRX0hqJ5GTW31u0%3D&t=4d5b0474&ps=13740610&shp=a5d48078&shcp=81f88b70&idc=my2;igdemusicas;https://v16-webapp-prime.tiktok.com/video/tos/alisg/tos-alisg-pve-0037c001/o8X8TBCj4PqE7IEaipcgHBAviiamlYQAuI43n/?a=1988&bti=ODszNWYuMDE6&&bt=1380&eid=20480&ft=-Csk_mrMPD12N5zDvn-Uxl.5NY6e3wv25WcAp&mime_type=video_mp4&rc=cnF8b2hsc2d3SkBwaHIxaDFybndmOTs1ZTc4PDU3aTw5OmU7OkBpajpkZXI5cm1sOzMzODczNEBjRl5Nc3FePmJKYSNvYF90aHFmOiNhLy5fMjYxNS0xYTZiMF8wYSMwYW9kMmQ0MW9hLS1kMWBzcw%3D%3D&expire=1786289432&l=20260807233017BCAC69F48416A5949B71&ply_type=2&policy=2&signature=64f2afc7ba408c5a7ba0e87ef2d3d69b&tk=tt_chain_token&btag=e000b8000;https://www.tiktok.com/@ateliecarolinasouza/video/7653624082453286165;https://p16-common-sign.tiktokcdn.com/tos-alisg-p-0037/ogIiigI4EipTAHXMAICcaYsmUaBTvnka3jBPo~tplv-tiktokx-origin.image?dr=14575&x-expires=1786287600&x-signature=uuFJd80HzOcLIlvPA%2FgdrZTMvf4%3D&t=4d5b0474&ps=13740610&shp=81f88b70&shcp=43f4a2f9&idc=my2;35600;1060;2271;977000;amigurumi,portamaternidade,amogurumis,enxoval,crochet;amigurumi,portamaternidade,amogurumis,enxoval,crochet;;;;
https://www.tiktok.com/search?q=#amigurumi&t=1786116607011;7669497921083116822;7669497921083116822;littlewishescroch;LittleWishesCrochet;1425;0;8;https://p16-common-sign.tiktokcdn.com/tos-maliva-avt-0068/8eb9fdf71d191429dd1b6c7d91b2d4ac~tplv-tiktokx-cropcenter:100:100.jpeg?dr=14579&refresh_token=1cac0ca4&x-expires=1786287600&x-signature=wV2bq3%2FMAKkurdGVSGV9E4g4dow%3D&t=4d5b0474&ps=13740610&shp=a5d48078&shcp=81f88b70&idc=my2;Tiny crochet Dumpling surprise 🥹✨ #crochet #amigurumi #crochetpattern #crochettok #smallbusiness ;;2026-08-02 18:09:04;1785694144;no;no;no;no;no;original lyd;7669497937210231574;https://v16-webapp-prime.tiktok.com/video/tos/no1a/tos-no1a-v-2370-no/ogmCAH1EvcCByADhwwy8eviiiKBEBAN5IA5PAE/?a=1988&bti=ODszNWYuMDE6&&bt=125&ft=GNDpcInz7ThvbzWGXq8Zmo&mime_type=audio_mpeg&rc=MzVpcXM5cmpyPDMzbzU8NUBpMzVpcXM5cmpyPDMzbzU8NUAtZi00MmRrY2thLS1kMTFzYSMtZi00MmRrY2thLS1kMTFzcw%3D%3D&expire=1786120235&l=20260807233017BCAC69F48416A5949B71&ply_type=3&policy=3&signature=5ff028e4c9e22cd13181f679d759c783&tk=0&btag=e00078000;https://p16-common-sign.tiktokcdn.com/tos-maliva-avt-0068/8eb9fdf71d191429dd1b6c7d91b2d4ac~tplv-tiktokx-cropcenter:1080:1080.jpeg?dr=14579&refresh_token=1bec510d&x-expires=1786287600&x-signature=qgYbfYyP2h184hOjpWguoBlJJhs%3D&t=4d5b0474&ps=13740610&shp=a5d48078&shcp=81f88b70&idc=my2;LittleWishesCrochet;https://v16-webapp-prime.tiktok.com/video/tos/no1a/tos-no1a-ve-0068-no/ocmI4ewfCAQjGfLRAIbIAtDIEL3LgQ6WUZ3tH2/?a=1988&bti=ODszNWYuMDE6&&bt=1207&ft=-Csk_mrMPD12N5zDvn-Uxl.5NY6e3wv25WcAp&mime_type=video_mp4&rc=Ozc4M2RkZ2lkNzs5PDg7aEBpMzk7b3A5cndyPDMzbzczNUAxNDNgNWFiNjQxNmFjLS9fYSNjLmBxMmRrYWthLS1kMTFzcw%3D%3D&expire=1786289435&l=20260807233017BCAC69F48416A5949B71&ply_type=2&policy=2&signature=c0452ca6fa405d0312689b65ce5f6336&tk=tt_chain_token&btag=e000b8000;https://www.tiktok.com/@littlewishescroch/video/7669497921083116822;https://p16-common-sign.tiktokcdn.com/tos-no1a-p-0037-no/ogALb4zfQaUA8Den3mMwEBtGI3DjQ3WAfIQIxs~tplv-tiktokx-origin.image?dr=14575&x-expires=1786287600&x-signature=JoFGJV0hIjv8yAwRrHsGvt4olqA%3D&t=4d5b0474&ps=13740610&shp=81f88b70&shcp=43f4a2f9&idc=my2;39200;186;6396;753300;crochet,amigurumi,crochetpattern,crochettok,smallbusiness;crochet,amigurumi,crochetpattern,crochettok,smallbusiness;;;;
https://www.tiktok.com/search?q=#amigurumi&t=1786116607011;7633867304253558024;7633867304253558024;raquelrocha_atelie;raquel_atelie;8584;2088;199;https://p16-common-sign.tiktokcdn.com/tos-alisg-avt-0068/3ee604e3f91802e854156921ba832c60~tplv-tiktokx-cropcenter:100:100.jpeg?dr=14579&refresh_token=5b802698&x-expires=1786287600&x-signature=30qJleApPgwekH5RVvMhYmBqjuE%3D&t=4d5b0474&ps=13740610&shp=a5d48078&shcp=81f88b70&idc=my2;"""O fio que toda artesã precisa testar! ✨ Olha essa maciez do Amigurumi Chenille da Círculo. Deixa qualquer projeto com toque de pelúcia. Garanta o seu no link aqui do vídeo! 🧶💖 #amigurumi #crochet #tiktokshop #artesanato ";;2026-04-28 17:44:05;1777398245;no;no;no;no;no;เสียงต้นฉบับ - CHIN.InTheNail;7366321779822168833;https://v16-webapp-prime.tiktok.com/video/tos/alisg/tos-alisg-v-27dcd7/oIBzCbcOqFAAeUmAEmED2qfqEAJWg66gBQ6iDJ/?a=1988&bti=ODszNWYuMDE6&&bt=126&ft=GNDpcInz7ThvbzWGXq8Zmo&mime_type=audio_mpeg&rc=M3Y7O3U5cjs5cjMzODU8NEBpM3Y7O3U5cjs5cjMzODU8NEBpMzRjMmRrcXFgLS1kMS1zYSNpMzRjMmRrcXFgLS1kMS1zcw%3D%3D&expire=1786120231&l=20260807233017BCAC69F48416A5949B71&ply_type=3&policy=3&signature=7d1b669b72250506dd659bd5e3939c72&tk=0&btag=e00070000;https://p16-common-sign.tiktokcdn.com/tos-alisg-avt-0068/83b951a8e50bc6f838337ebd2b11de3f~tplv-tiktokx-cropcenter:1080:1080.jpeg?dr=14579&refresh_token=89a1aa4e&x-expires=1786287600&x-signature=1fjnhSJsPRppA0JYPwOmDPCiO7s%3D&t=4d5b0474&ps=13740610&shp=a5d48078&shcp=81f88b70&idc=my2;cura.inthenail;https://v16-webapp-prime.tiktok.com/video/tos/alisg/tos-alisg-pve-0037c001/ooAGAeADgJnReFMHgvGeHgBjQwxGIGLAhfTRU3/?a=1988&bti=ODszNWYuMDE6&&bt=1080&ft=-Csk_mrMPD12N5zDvn-Uxl.5NY6e3wv25WcAp&mime_type=video_mp4&rc=OTs6Nzo3N2Q4PGQ4OWdpOEBpamptOnI5cmppOjMzODczNEBeNi0yLTI2X2AxYTYyYF4wYSMvMGIuMmQ0LmxhLS1kMTFzcw%3D%3D&expire=1786289431&l=20260807233017BCAC69F48416A5949B71&ply_type=2&policy=2&signature=50d3194e17e1dc02d8d89563a56c9320&tk=tt_chain_token&btag=e00070000;https://www.tiktok.com/@raquelrocha_atelie/video/7633867304253558024;https://p16-common-sign.tiktokcdn.com/tos-alisg-p-0037/o8QnyRBpo8h4DFjnwKHDegFEUgBfAAEwpQ67EP~tplv-tiktokx-origin.image?dr=14575&x-expires=1786287600&x-signature=6vgQ8u8tkd27Yvl8fTces8OZXxw%3D&t=4d5b0474&ps=13740610&shp=81f88b70&shcp=43f4a2f9&idc=my2;743;23;40;26300;amigurumi,crochet,tiktokshop,artesanato;amigurumi,crochet,tiktokshop,artesanato;;;;
https://www.tiktok.com/search?q=#amigurumi&t=1786116607011;7544925000319421702;7544925000319421702;bellaamigurumis2.0;Bella Amigurumis;10400;14900;91;https://p16-common-sign.tiktokcdn.com/tos-maliva-avt-0068/7b834ffd2095cda7e593d2dc8433d712~tplv-tiktokx-cropcenter:100:100.jpeg?dr=14579&refresh_token=b48c58c2&x-expires=1786287600&x-signature=HbRCWIPEmK%2FvXReZp0van%2FzY5M4%3D&t=4d5b0474&ps=13740610&shp=a5d48078&shcp=81f88b70&idc=my2;Os três passos principais par você começar no amigurumi. 🧶🪡 #amigurumi #passoapasso #amigurumis #crochet #crochettiktok @Bella Amigurumis @Bella Amigurumis ;;2025-09-01 01:22:33;1756689753;no;no;no;no;no;som original;7544925014269971206;https://v16-webapp-prime.tiktok.com/video/tos/useast2a/tos-useast2a-v-27dcd7/ocf9plcCBABEAoQv3gDHJoIrtIAVN6JfPFkUFc/?a=1988&bti=ODszNWYuMDE6&&bt=125&ft=GNDpcInz7ThvbzWGXq8Zmo&mime_type=audio_mpeg&rc=MzZ1dXU5cnFpNTMzNzU8M0BpMzZ1dXU5cnFpNTMzNzU8M0BtNWdvMmQ0Xm5hLS1kMTZzYSNtNWdvMmQ0Xm5hLS1kMTZzcw%3D%3D&expire=1786120292&l=20260807233017BCAC69F48416A5949B71&ply_type=3&policy=3&signature=d54fdcaeb09299e3bae64173b2f78eaa&tk=0&btag=e00050000;https://p16-common-sign.tiktokcdn.com/tos-maliva-avt-0068/7b834ffd2095cda7e593d2dc8433d712~tplv-tiktokx-cropcenter:1080:1080.jpeg?dr=14579&refresh_token=10ba38a3&x-expires=1786287600&x-signature=R%2B8l9EiSOugBiew48B0kWVyHPkw%3D&t=4d5b0474&ps=13740610&shp=a5d48078&shcp=81f88b70&idc=my2;Bella Amigurumis;https://v16-webapp-prime.tiktok.com/video/tos/alisg/tos-alisg-ve-37c813-sg/oofs9nKkWAgipvJIQElV7HAnJKpoW0G8BCI0iS/?a=1988&bti=ODszNWYuMDE6&&bt=793&ft=-Csk_mrMPD12N5zDvn-Ux012LY6e3wv25LcAp&mime_type=video_mp4&rc=Zjs2NTpnOGY5NDk7OTs3N0Bpajw5aXU5cjhpNTMzNzczM0A0L2E2YC4uNWMxMy4tYTUtYSMxXjIyMmRjNm5hLS1kMTZzcw%3D%3D&expire=1786289492&l=20260807233017BCAC69F48416A5949B71&ply_type=2&policy=2&signature=a30c1be66737e8054d05542c3e6f2f4c&tk=tt_chain_token&btag=e00090000;https://www.tiktok.com/@bellaamigurumis2.0/video/7544925000319421702;https://p16-common-sign.tiktokcdn.com/tos-maliva-p-0068/og0AwIIeTeGAGeAuqAAqLQTFeHkALigR1gQb99~tplv-tiktokx-origin.image?dr=14575&x-expires=1786287600&x-signature=kzDVtBrxHcF0Jasjnf2IxN6GLmI%3D&t=4d5b0474&ps=13740610&shp=81f88b70&shcp=43f4a2f9&idc=my2;10600;215;1842;305100;amigurumi,passoapasso,amigurumis,crochet,crochettiktok;amigurumi,passoapasso,amigurumis,crochet,crochettiktok;;;;
https://www.tiktok.com/search?q=#amigurumi&t=1786116607011;7619461114610470165;7619461114610470165;lovely.amigurumi;Lovely Amigurumi;43700;12;308;https://p16-common-sign.tiktokcdn.com/tos-alisg-avt-0068/5c68c4d004297c130dfdc65800ec5b77~tplv-tiktokx-cropcenter:100:100.jpeg?dr=14579&refresh_token=9a9cb270&x-expires=1786287600&x-signature=TL6t2ZNbQ2Bai9T6M5relGCnXz0%3D&t=4d5b0474&ps=13740610&shp=a5d48078&shcp=81f88b70&idc=my2;Cutest Amigurumi Chicks You'll Ever See! 🐥🎀 Your craft table is a literal army of adorable. 🥹 These tiny, fluffy crochet chicks with their pink bows are my latest obsession and make the perfect aesthetic gift idea. #crochet #handmade #amigurumi #crafttok #kawaii;;2026-03-20 22:00:42;1774044042;no;no;no;no;no;Paraíso de Alegria;7453547129480972304;https://sf16-ies-music-sg.tiktokcdn.com/obj/tos-alisg-ve-2774/osREsUFcIlftQScBhw9DfB1ZHKCFQYFgCa6nMQ;https://p16-sg.tiktokcdn.com/aweme/720x720/tos-alisg-v-2774/oMFRFANn8C6nBLQAEfkuDZ5BQCyfE8zAtcGgED.jpeg;Antony brawelly;https://v16-webapp-prime.tiktok.com/video/tos/alisg/tos-alisg-pve-0037c001/oEzEBv3cxIAcGCYcV4hN7fgfAgEj6BDlpQORMF/?a=1988&bti=ODszNWYuMDE6&&bt=1006&eid=20480&ft=-Csk_mrMPD12N5zDvn-Uxl.5NY6e3wv25WcAp&mime_type=video_mp4&rc=Njk1ZGY3NTVmMzM0aWRpOkBpMzZ2bWs5cnd2OTMzODczNEBiX2AxMmIvXmAxYWFeLmNhYSMtaWRyMmRzM3JhLS1kMWBzcw%3D%3D&expire=1786289425&l=20260807233017BCAC69F48416A5949B71&ply_type=2&policy=2&signature=80fe6aaf843e3091bb956183b32b3299&tk=tt_chain_token&btag=e00070000;https://www.tiktok.com/@lovely.amigurumi/video/7619461114610470165;https://p19-common-sign.tiktokcdn.com/tos-alisg-p-0037/oEARjvEVO16eg7cxEcN3hmgQDfAFFBGGVB9pcQ~tplv-tiktokx-origin.image?dr=14575&x-expires=1786287600&x-signature=9TOTjqanav6V%2Ff7I5C6B%2FzyZTlk%3D&t=4d5b0474&ps=13740610&shp=81f88b70&shcp=43f4a2f9&idc=my2;3299;25;1221;184900;crochet,handmade,amigurumi,crafttok,kawaii;crochet,handmade,amigurumi,crafttok,kawaii;;;;
https://www.tiktok.com/search?q=#amigurumi&t=1786116607011;7577445719968075028;7577445719968075028;juli20165;Juliene de Jesus;48700;7879;114;https://p16-common-sign.tiktokcdn.com/tos-maliva-avt-0068/9f789f9fe557a5c817ed0cfba06f5e79~tplv-tiktokx-cropcenter:100:100.jpeg?dr=14579&refresh_token=f9e1ccf6&x-expires=1786287600&x-signature=e1jwx2mwaGFIagIgz7kNVUpjD1c%3D&t=4d5b0474&ps=13740610&shp=a5d48078&shcp=81f88b70&idc=my2;bebê amigurumi negra,toda confeccionada no crochê, essa é uma encomenda especial,a pedido da cliente ficou enorme com 60 cm de altura, faço por encomenda interessados chamar no privado ou no ZAP 64 999852425;;2025-11-27 16:39:33;1764261573;no;no;yes;no;no;som original;7577445879334914832;https://v16-webapp-prime.tiktok.com/video/tos/alisg/tos-alisg-v-27dcd7/owpyfCDKmfpBuFJDpNCc7gQUgQ5QBZRYDqzHEx/?a=1988&bti=ODszNWYuMDE6&&bt=125&ft=GNDpcInz7ThvbzWGXq8Zmo&mime_type=audio_mpeg&rc=aDtoMzY5PDUzZTRmaGY6O0BpajQ6ZXM5cnE6NzMzODU8NEAwM2A0LS4wNS4xXjRjNF8tYSM2ZTFnMmQ0cWhhLS1kMS1zcw%3D%3D&expire=1786120337&l=20260807233017BCAC69F48416A5949B71&ply_type=3&policy=3&signature=2fc5f1f7adc9d2db0d206dee29785d4b&tk=0&btag=e00050000;https://p16-common-sign.tiktokcdn.com/tos-maliva-avt-0068/9f789f9fe557a5c817ed0cfba06f5e79~tplv-tiktokx-cropcenter:1080:1080.jpeg?dr=14579&refresh_token=661b662a&x-expires=1786287600&x-signature=hn%2FoqYXytQqU1bXGkZuNLOJ6XmA%3D&t=4d5b0474&ps=13740610&shp=a5d48078&shcp=81f88b70&idc=my2;Juliene de Jesus;https://v16-webapp-prime.tiktok.com/video/tos/alisg/tos-alisg-pve-0037c001/oYINJkRQUpUAfDGxLAesLxAgCfgVuE9FMeQJfi/?a=1988&bti=ODszNWYuMDE6&&bt=2267&ft=-Csk_mrMPD12N5zDvn-Uxl.5NY6e3wv25WcAp&mime_type=video_mp4&rc=aDQ8NGY6Zzw0aDQ5PDM3OkBpam88N285cnI6NzMzODczNEA1NTItXzFiNmExXy00Yi0vYSNhbC0zMmRra2hhLS1kMWBzcw%3D%3D&expire=1786289537&l=20260807233017BCAC69F48416A5949B71&ply_type=2&policy=2&signature=f29b965fa3ea7eba6c8e8bee6864301a&tk=tt_chain_token&btag=e00050000;https://www.tiktok.com/@juli20165/video/7577445719968075028;https://p16-common-sign.tiktokcdn.com/tos-alisg-p-0037/o0yjDUIBeAKLIQ4rIX1lfGAIGeAcLDAEbEASPQ~tplv-tiktokx-origin.image?dr=14575&x-expires=1786287600&x-signature=o8RIpQrVf3b927ipqTItuWQG678%3D&t=4d5b0474&ps=13740610&shp=81f88b70&shcp=43f4a2f9&idc=my2;120800;4316;11900;2100000;;;;;;
https://www.tiktok.com/search?q=#amigurumi&t=1786116607011;7541900178836425989;7541900178836425989;ribeiihellen;ribeiihellen;106100;35;447;https://p16-common-sign.tiktokcdn.com/tos-maliva-avt-0068/d811e085691d24278ab3f3fa9650ddf1~tplv-tiktokx-cropcenter:100:100.jpeg?dr=14579&refresh_token=676c10ce&x-expires=1786287600&x-signature=kC4byHVbwrfloWlUse0aXuSAPMc%3D&t=4d5b0474&ps=13740610&shp=a5d48078&shcp=81f88b70&idc=my2;✨ Iniciante em Amigurumi? ✨ As vagas estão quase acabando! 🧶🐰 Aprenda do zero a fazer peças lindas e conquiste sua renda extra com crochê. ⏳ Não deixe para depois, garanta já sua vaga! 👉 Link na bio! #amigurumi #croche #artesanato;;2025-08-23 23:00:00;1755990000;no;no;no;no;no;som original - ribeiihellen;7541900204233640760;https://v16-webapp-prime.tiktok.com/video/tos/useast2a/tos-useast2a-v-27dcd7/oQvkiIltS3G4c0oB6UQMNiScm3qttaBCx2KAi/?a=1988&bti=ODszNWYuMDE6&&bt=125&ft=GNDpcInz7ThEbzWGXq8Zmo&mime_type=audio_mpeg&rc=ZTpkNGk2aTtoaGVoaGk8ZEBpamd0M3E5cmw2NTMzNzU8M0AzYS4zNS9fXy4xMTEzXi5gYSNsb2BiMmRrYGlhLS1kMTZzcw%3D%3D&expire=1786120249&l=202608072330218103FF255ECF0E958FF6&ply_type=3&policy=3&signature=0eb5c43106e0e1bd6dcb393e3f0bdba1&tk=0&btag=e00078000;https://p16-common-sign.tiktokcdn.com/tos-maliva-avt-0068/d811e085691d24278ab3f3fa9650ddf1~tplv-tiktokx-cropcenter:1080:1080.jpeg?dr=14579&refresh_token=887dc7d1&x-expires=1786287600&x-signature=w9J2gHLAPY0wmJMu5lIMvocKRhM%3D&t=4d5b0474&ps=13740610&shp=a5d48078&shcp=81f88b70&idc=my2;ribeiihellen;https://webapp-sg.tiktok.com/3ed62d7f31d53507518919a5ad32fc50/6a789d29/kmoat/mps/logo/v2/r/p/v09025g40000d2l3b5vog65ts6chbrgg/effa4527a2b74e028dda5c6ca1b3d5da/ed97ef6123b63dfe875acdc135f30545/mp4/main.mp4?a=1988&bti=ODszNWYuMDE6&&bt=0&eid=1286&ft=LrmapoKyD12Nv671jzIxR16NJlBF-UjNSmopiX&mime_type=video_mp4&rc=cnF8b2hsc2d3SkBwaHIxaDFybndmZDg2NGZmZGc1aDo1OjhkaUBpanVrOXc5cjg2NTMzNzgzM0BjRl5Nc3FePmJKYSNvYF90aHFmOiNhYV9eMzJhNS0xX14vMWNiYSNkX2BwMmRzX2lhLS1kLzZzcw%3D%3D&definition=720p&du=28&item_id=7541900178836425989&l=202608072330218103FF255ECF0E958FF6&logo_type=tiktok_m&ply_type=2&policy=eyJ2bSI6MiwiY2siOiJ0dF9jaGFpbl90b2tlbiJ9&user_text=ribeiihellen&btag=e000b8000;https://www.tiktok.com/@ribeiihellen/video/7541900178836425989;https://p16-common-sign.tiktokcdn.com/tos-maliva-p-0068/oABrEA9jQ1qHdAAodARNdCAiigaPWOUa2iKIl~tplv-tiktokx-origin.image?dr=14575&x-expires=1786287600&x-signature=8m4jqBIa8ekyloLkkk36D%2F56hNc%3D&t=4d5b0474&ps=13740610&shp=81f88b70&shcp=43f4a2f9&idc=my2;2763;36;211;90300;amigurumi,croche,artesanato;amigurumi,croche,artesanato;;;;
https://www.tiktok.com/search?q=#amigurumi&t=1786116607011;7662043664226536712;7662043664226536712;amigurumi.click;amigurumi.click;62;38;16;https://p16-common-sign.tiktokcdn.com/tos-alisg-avt-0068/0caa90aa2c362ce9c8d023ca8cc2be25~tplv-tiktokx-cropcenter:100:100.jpeg?dr=14579&refresh_token=86c99c22&x-expires=1786287600&x-signature=F6bYb4uYqkIjgEJDVzM%2F0FuUbRw%3D&t=4d5b0474&ps=13740610&shp=a5d48078&shcp=81f88b70&idc=my2;Amigurumi Ursinho Pooh Receita Amigurumi Turma Ursinho Pooh  #amigurumilove #crochet #amigurumi ;;2026-07-13 16:02:54;1783958574;no;no;no;no;no;som original;7662043736637246229;https://v16-webapp-prime.tiktok.com/video/tos/alisg/tos-alisg-v-27dcd7/o4wVDffwUECQEDDh9AqgFBhVE7JQCAZ9BBDAw2/?a=1988&bti=ODszNWYuMDE6&&bt=125&ft=GNDpcInz7ThEbzWGXq8Zmo&mime_type=audio_mpeg&rc=ajQ0cnk5cmZqPDMzODU8NEBpajQ0cnk5cmZqPDMzODU8NEByZ2JyMmQ0bF5hLS1kMS1zYSNyZ2JyMmQ0bF5hLS1kMS1zcw%3D%3D&expire=1786120233&l=202608072330218103FF255ECF0E958FF6&ply_type=3&policy=3&signature=bf57413b8babf4492e95a6ad29829a56&tk=0&btag=e00070000;https://p16-common-sign.tiktokcdn.com/tos-alisg-avt-0068/0caa90aa2c362ce9c8d023ca8cc2be25~tplv-tiktokx-cropcenter:1080:1080.jpeg?dr=14579&refresh_token=0eeb3729&x-expires=1786287600&x-signature=BzsrGP%2Bm%2FtiwWOdFPFwzm2Gu2hQ%3D&t=4d5b0474&ps=13740610&shp=a5d48078&shcp=81f88b70&idc=my2;amigurumi.click;https://webapp-sg.tiktok.com/7a04f255c609bf86a5dbefd0b80b2b2e/6a789d19/kmoat/mps/logo/v2/r/p/v14044g50000d9agnofog65h4ghrel20/40d7d54e1a8e4f7fa3adcfe5ca3e710d/4281e8c3d4ba9443a25b1a500002bc59/mp4/main.mp4?a=1988&bti=ODszNWYuMDE6&&bt=0&ft=LrmapoKyD12Nv671jzIxR16NJlBF-UjNSmopiX&mime_type=video_mp4&rc=cnF8b2hsc2d3SkBwaHIxaDFybndmZzRoZDhpZzZpaWhkaDg6M0BpM291ams5cnJqPDMzODczNEBjRl5Nc3FePmJKYSNvYF90aHFmOiMtNDBgYmBeXjQxNS4xYWExYSMvYmUxMmRja15hLS1kMTFzcw%3D%3D&definition=720p&du=13&item_id=7662043664226536712&l=202608072330218103FF255ECF0E958FF6&logo_type=tiktok&ply_type=2&policy=eyJ2bSI6MiwiY2siOiJ0dF9jaGFpbl90b2tlbiJ9&user_text=amigurumi.click&btag=e000b0000;https://www.tiktok.com/@amigurumi.click/video/7662043664226536712;https://p16-common-sign.tiktokcdn.com/tos-alisg-p-0037/o0pnAMhQgAWhDfP8IApUfoUJMFj5qAy3QgiEAf~tplv-tiktokx-origin.image?dr=14575&x-expires=1786287600&x-signature=eMlueILd5cuLYiz%2FdB%2BhzuluZZM%3D&t=4d5b0474&ps=13740610&shp=81f88b70&shcp=43f4a2f9&idc=my2;161;6;12;16100;amigurumilove,crochet,amigurumi;amigurumilove,crochet,amigurumi;;;;
https://www.tiktok.com/search?q=#amigurumi&t=1786116607011;7556663167049387286;7556663167049387286;mysnugbuns;mysnugbuns;1915;61;32;https://p16-common-sign.tiktokcdn.com/tos-useast2a-avt-0068-euttp/a2d8ef978bd5e7eecfb741cb9a0f1662~tplv-tiktokx-cropcenter:100:100.jpeg?dr=14579&refresh_token=ca4159b9&x-expires=1786287600&x-signature=vkJ7mIHQ9bWNUM%2F95k4hnBXo5ZY%3D&t=4d5b0474&ps=13740610&shp=a5d48078&shcp=81f88b70&idc=my2;Como fazer Crochet para Iniciantes! Segue-nos para aprender a fazer bonequinhos de crochet! #snugbuns #mysnugbuns #crochet #croche #kitdecrochet #crochetkit #aprendercrochet #tutorialcrochet #howtocrochet #learnhowtocrochet #learnhowtocrochetkit #kitaprendercrochet #amigurumi;;2025-10-02 16:32:33;1759422753;no;no;no;no;no;original sound - Snugbuns;7556663185776954134;https://v16-webapp-prime.tiktok.com/video/tos/no1a/tos-no1a-v-2370-no/okPOzeDkQFCkYFB3yNEk7UUnF5qEfJq9oKkOg2/?a=1988&bti=ODszNWYuMDE6&&bt=125&ft=GNDpcInz7ThEbzWGXq8Zmo&mime_type=audio_mpeg&rc=ZDo4Nmg5NWg5Njs2NTxmZ0BpanVuc3Y5cjxkNjMzbzU8NUAvXmMwYjVjNjQxYTYyYC9fYSNgYl5nMmQ0ZmNhLS1kMTFzcw%3D%3D&expire=1786120248&l=202608072330218103FF255ECF0E958FF6&ply_type=3&policy=3&signature=a0979b7dfa4eda083b85a8201ee66b19&tk=0&btag=e00078000;https://p16-common-sign.tiktokcdn.com/tos-useast2a-avt-0068-euttp/a2d8ef978bd5e7eecfb741cb9a0f1662~tplv-tiktokx-cropcenter:1080:1080.jpeg?dr=14579&refresh_token=dafd2dfd&x-expires=1786287600&x-signature=NDfeX8RrNpUzeKadrqKDZeIj9WU%3D&t=4d5b0474&ps=13740610&shp=a5d48078&shcp=81f88b70&idc=my2;mysnugbuns;https://webapp-sg.tiktok.com/ce396e6c3879c085a5f31b29ebdd56ef/6a789d28/kmoat/mps/logo/v2/r/p/v24025gl0000d3fah57og65nmu0v6iog/367db7ea9f954698b83a608e6bf708e5/f98122ae0b40105cb5ccda7648bfa777/mp4/main.mp4?a=1988&bti=ODszNWYuMDE6&&bt=0&eid=1286&ft=LrmapoKyD12Nv671jzIxR16NJlBF-UjNSmopiX&mime_type=video_mp4&rc=cnF8b2hsc2d3SkBwaHIxaDFybndmODs6ZWgzZDs7OThpZDpnOUBpamx5eHE5cjhkNjMzbzgzNUBjRl5Nc3FePmJKYSNvYF90aHFmOiNiLWMzNTMwXzYxNjZiXzQwYSNsMy1qMmQ0ZWNhLS1kLzFzcw%3D%3D&definition=720p&du=28&item_id=7556663167049387286&l=202608072330218103FF255ECF0E958FF6&logo_type=tiktok_m&ply_type=2&policy=eyJ2bSI6MiwiY2siOiJ0dF9jaGFpbl90b2tlbiJ9&user_text=mysnugbuns&btag=e000b8000;https://www.tiktok.com/@mysnugbuns/video/7556663167049387286;https://p16-common-sign.tiktokcdn.com/tos-no1a-p-0037-no/osUgAUfePXGAfSqAIGQMyT8AQA4eAJdSsg9fTt~tplv-tiktokx-origin.image?dr=14575&x-expires=1786287600&x-signature=em96mZlA8m7%2FwYGFU1MQOvhHGlY%3D&t=4d5b0474&ps=13740610&shp=81f88b70&shcp=43f4a2f9&idc=my2;2425;11;248;86600;snugbuns,mysnugbuns,crochet,croche,kitdecrochet,crochetkit,aprendercrochet,tutorialcrochet,howtocrochet,learnhowtocrochet,learnhowtocrochetkit,kitaprendercrochet,amigurumi;snugbuns,mysnugbuns,crochet,croche,kitdecrochet,crochetkit,aprendercrochet,tutorialcrochet,howtocrochet,learnhowtocrochet,learnhowtocrochetkit,kitaprendercrochet,amigurumi;;;;
https://www.tiktok.com/search?q=#amigurumi&t=1786116607011;7505644351347805446;7505644351347805446;yayasmiim;yasofazmerda;226;64000;57;https://p16-common-sign.tiktokcdn.com/tos-maliva-avt-0068/7321017845662842885~tplv-tiktokx-cropcenter:100:100.jpeg?dr=14579&refresh_token=eb3d12da&x-expires=1786287600&x-signature=X086I5DleNvqm0K2c5LMdpY2gII%3D&t=4d5b0474&ps=13740610&shp=a5d48078&shcp=81f88b70&idc=my2;ta parecido né? 😫 #croche #amigurumi  #iniciante #titkok #crochet  #bichinhos ;Expectativa: REALIDADE :;2025-05-18 04:53:33;1747544013;no;no;no;no;no;sad SpongeBob music;6714159100260813573;https://v16-webapp-prime.tiktok.com/video/tos/useast2a/tos-useast2a-v-27dcd7/dfd5490caffb4978adfc906be4f96f73/?a=1988&bti=ODszNWYuMDE6&&bt=125&ft=GNDpcInz7ThEbzWGXq8Zmo&mime_type=audio_mpeg&rc=M3B3OjY6Zml1NzMzNzU8M0BpM3B3OjY6Zml1NzMzNzU8M0BwXi0vcjQwMmVgLS1kMTZzYSNwXi0vcjQwMmVgLS1kMTZzcw%3D%3D&expire=1786120240&l=202608072330218103FF255ECF0E958FF6&ply_type=3&policy=3&signature=e2c8746df49e32a2f9273ba91877d751&tk=0&btag=e00078000;https://p16-common-sign.tiktokcdn.com/tos-maliva-avt-0068/d0f7aa6aac3dc16795713c98be2f51f0~tplv-tiktokx-cropcenter:1080:1080.jpeg?dr=14579&refresh_token=3df91d17&x-expires=1786287600&x-signature=79Vhl6WfXeZJsOSCiPe5DqshZRA%3D&t=4d5b0474&ps=13740610&shp=a5d48078&shcp=81f88b70&idc=my2;michael;https://v16-webapp-prime.tiktok.com/video/tos/useast2a/tos-useast2a-ve-0068c003/oM0FkI5EBHyKLAZQoif9ATQcZilUB0gCG26Igp/?a=1988&bti=ODszNWYuMDE6&&bt=788&ft=I~da4oKyD12Nv671jzIxR16NJlBF-UjNSmopiX&mime_type=video_mp4&rc=cnF8b2hsc2d3SkBwaHIxaDFybndmZDU3ZDRpOzppNzY3Ozg0ZkBpM2p3b3A5cnZwMzMzNzczM0BjRl5Nc3FePmJKYSNvYF90aHFmOiNhXjRgYzIzXzIxYjJgNF9fYSNxZi1mMmRzXmhhLS1kMTZzcw%3D%3D&expire=1786289436&l=202608072330218103FF255ECF0E958FF6&ply_type=2&policy=2&signature=9d560a50312369a061b556595b966140&tk=tt_chain_token&btag=e000b8000;https://www.tiktok.com/@yayasmiim/video/7505644351347805446;https://p19-common-sign.tiktokcdn.com/tos-maliva-p-0068/oUpHZL2lBIg86p2KAZiBkUI5QAf30YgEinoUCF~tplv-tiktokx-origin.image?dr=14575&x-expires=1786287600&x-signature=nTAnC%2BO%2BzUiNz6%2BJuVaE90bPDu4%3D&t=4d5b0474&ps=13740610&shp=81f88b70&shcp=43f4a2f9&idc=my2;12600;424;880;220000;croche,amigurumi,iniciante,titkok,crochet,bichinhos;croche,amigurumi,iniciante,titkok,crochet,bichinhos;;;;
https://www.tiktok.com/search?q=#amigurumi&t=1786116607011;7496924202302328095;7496924202302328095;wendycrochets;wendycrochets;61800;7591;146;https://p16-common-sign.tiktokcdn.com/tos-maliva-avt-0068/bf9d44ddf5df950db749d0af6543aaf3~tplv-tiktokx-cropcenter:100:100.jpeg?dr=14579&refresh_token=fb52283a&x-expires=1786287600&x-signature=PGydgIAiXV9sWNMmmxQGTWePuSU%3D&t=4d5b0474&ps=13740610&shp=a5d48078&shcp=81f88b70&idc=my2;crocheting a summer bunny 👒 pattern available on my etsy!  - #crochet #crochetbunny #amigurumi #crochetplushie #crochetpattern #crochettutorial #crochetplushies ;;2025-04-24 16:55:02;1745513702;no;no;no;no;no;original sound;7496924080159951646;https://v16-webapp-prime.tiktok.com/video/tos/maliva/tos-maliva-v-27dcd7c799-us/oEAk1ACAAMRSs9AplAKVEEjkAiPbA6iOV4Bia/?a=1988&bti=ODszNWYuMDE6&&bt=125&ft=GNDpcInz7ThEbzWGXq8Zmo&mime_type=audio_mpeg&rc=MzNueXI5cnQ5MzMzaTU8NEBpMzNueXI5cnQ5MzMzaTU8NEBmbGJeMmQ0bTJhLS1kMTJzYSNmbGJeMmQ0bTJhLS1kMTJzcw%3D%3D&expire=1786120237&l=202608072330218103FF255ECF0E958FF6&ply_type=3&policy=3&signature=9c0d8654f8da18a7e113e012e8693e96&tk=0&btag=e00078000;https://p16-common-sign.tiktokcdn.com/tos-maliva-avt-0068/bf9d44ddf5df950db749d0af6543aaf3~tplv-tiktokx-cropcenter:1080:1080.jpeg?dr=14579&refresh_token=a599910e&x-expires=1786287600&x-signature=51KzZ2ZfmcMLz8GTpNj2%2BU6t2MY%3D&t=4d5b0474&ps=13740610&shp=a5d48078&shcp=81f88b70&idc=my2;wendycrochets;https://v16-webapp-prime.tiktok.com/video/tos/alisg/tos-alisg-ve-37c799-sg/ogOo6zymBAUfQR59AIFbCbVDgfXU8OmEEEB8KE/?a=1988&bti=ODszNWYuMDE6&&bt=656&ft=I~da4oKyD12Nv671jzIxR16NJlBF-UjNSmopiX&mime_type=video_mp4&rc=ZTxlODdnOmYzODQ4N2k8O0Bpam51OHk5cjs5MzMzaTczNEAvLy80M2IuXjQxMC9eNDY2YSNhbHA0MmQ0bTJhLS1kMTJzcw%3D%3D&expire=1786289437&l=202608072330218103FF255ECF0E958FF6&ply_type=2&policy=2&signature=893a2f609866808646b1d1a9b05960ac&tk=tt_chain_token&btag=e000b8000;https://www.tiktok.com/@wendycrochets/video/7496924202302328095;https://p16-common-sign.tiktokcdn.com/tos-useast8-p-0068-tx2/owA0Afb0DEAoFAKElKEbmAEOCCVIlfAAxWR0zA~tplv-tiktokx-origin.image?dr=14575&x-expires=1786287600&x-signature=kmRic0yNmohnmQ5tuXIq4uCEU%2Fo%3D&t=4d5b0474&ps=13740610&shp=81f88b70&shcp=43f4a2f9&idc=my2;722100;3017;52200;9200000;crochet,crochetbunny,amigurumi,crochetplushie,crochetpattern,crochettutorial,crochetplushies;crochet,crochetbunny,amigurumi,crochetplushie,crochetpattern,crochettutorial,crochetplushies;;;;
https://www.tiktok.com/search?q=#amigurumi&t=1786116607011;7290904241642786054;7290904241642786054;amor.em.pontos.cr;Amor em pontos crochê;3715;169;112;https://p16-common-sign.tiktokcdn.com/tos-maliva-avt-0068/cfbe7b71d4d0b71bb4c7a41ae0204c72~tplv-tiktokx-cropcenter:100:100.jpeg?dr=14579&refresh_token=b8474298&x-expires=1786287600&x-signature=lBDc2zWsyzUlzP6TSc1EWPe5OQc%3D&t=4d5b0474&ps=13740610&shp=a5d48078&shcp=81f88b70&idc=my2;#foryou #paravoce #crochet #fyp #amigurumi #croche #crochetersoftiktok #crochettiktok #tutorial #sapinho ;"Amigurumis para fazer 
em 15 minutos  Pt. 2";2023-10-17 12:32:10;1697545930;no;no;no;no;no;original sound;7163767893615135493;https://v16-webapp-prime.tiktok.com/video/tos/useast2a/tos-useast2a-v-27dcd7/6302e07bafeb45829a02701331983cf8/?a=1988&bti=ODszNWYuMDE6&&bt=125&ft=GNDpcInz7ThEbzWGXq8Zmo&mime_type=audio_mp4&rc=amRyeDg6ZndnZzMzNzU8M0BpamRyeDg6ZndnZzMzNzU8M0BpbS5kcjRvLmlgLS1kMTZzYSNpbS5kcjRvLmlgLS1kMTZzcw%3D%3D&expire=1786120242&l=202608072330218103FF255ECF0E958FF6&ply_type=3&policy=3&signature=4058e54afbb1f691319dc0460067a813&tk=0&btag=e00078000;https://p16-common-sign.tiktokcdn.com/tos-useast2a-avt-0068-giso/b6dd9ac609639af2f6c7c80aa3d96c5c~tplv-tiktokx-cropcenter:1080:1080.jpeg?dr=14579&refresh_token=b074cf03&x-expires=1786287600&x-signature=Hz096XKbpjX4xeH5MchHrMXLMSI%3D&t=4d5b0474&ps=13740610&shp=a5d48078&shcp=81f88b70&idc=my2;SP33D audios;https://webapp-sg.tiktok.com/68bbad3d89ae35d1e6b2c43a0018e751/6a789d16/kmoat/mps/logo/v2/r/p/v09044g40000ckn7t23c77ufe1lcrk9g/6cbd0dacf4014644b3c7aac7ed51e5ff/ee0be372090025aa0d5cc3e1cb1f212f/mp4/main.mp4?a=1988&bti=ODszNWYuMDE6&&bt=0&ft=bLZkAmrMPD12NHzDvn-UxGe5PY6e3wv25UcAp&mime_type=video_mp4&rc=cnF8b2hsc2d3SkBwaHIxaDFybndmaTg0ZzpkOjY3OTQ3ZmdnZkBpam5mNGk6ZjU6bjMzNzczM0BjRl5Nc3FePmJKYSNvYF90aHFmOiNjYjJiYF5gXzExLWNeLV8zYSM2b2licjQwcWtgLS1kMTZzcw%3D%3D&definition=720p&du=9&item_id=7290904241642786054&l=202608072330218103FF255ECF0E958FF6&logo_type=tiktok_m&ply_type=2&policy=eyJ2bSI6MiwiY2siOiJ0dF9jaGFpbl90b2tlbiJ9&user_text=amor.em.pontos.cr&btag=e000b0000;https://www.tiktok.com/@amor.em.pontos.cr/video/7290904241642786054;https://p16-common-sign.tiktokcdn.com/tos-maliva-p-0068/oIyibAnLmf5Bs8RWl4oI6DJEQIicBNmQ16enDb~tplv-tiktokx-origin.image?dr=14575&x-expires=1786287600&x-signature=ODmsJP9%2B8PrXvCDpvQ8PpSzzzzM%3D&t=4d5b0474&ps=13740610&shp=81f88b70&shcp=43f4a2f9&idc=my2;15500;149;441;534600;foryou,paravoce,crochet,fyp,amigurumi,croche,crochetersoftiktok,crochettiktok,tutorial,sapinho;foryou,paravoce,crochet,fyp,amigurumi,croche,crochetersoftiktok,crochettiktok,tutorial,sapinho;;;;
https://www.tiktok.com/search?q=#amigurumi&t=1786116607011;7659028189762604308;7659028189762604308;lamagurumi;lamagurumi;11200;585;59;https://p16-common-sign.tiktokcdn.com/tos-alisg-avt-0068/299c1cec3ddb5d0ca1436e222038bcae~tplv-tiktokx-cropcenter:100:100.jpeg?dr=14579&refresh_token=90bb5ee1&x-expires=1786287600&x-signature=31ZHg%2FPn%2Bt3vAtga3%2FPXYU3E3KI%3D&t=4d5b0474&ps=13740610&shp=a5d48078&shcp=81f88b70&idc=my2;Pokémon ❤️ Ash, Pikachu, Bulbasaur, Squirtle, and Charmander are FINALLY here 🥳 I had absolute best time designing this squad and I’m so in love with how they turned out 😍 If you want to make your own, the patterns are now live on my Etsy shop! Which one is your absolute favorite? Let me know in the comments 💭 #crochet #amigurumi #pikachu #charmander #pokemon;;2026-07-05 13:01:12;1783256472;no;no;no;no;no;orijinal ses;7659028235385047826;https://v16-webapp-prime.tiktok.com/video/tos/alisg/tos-alisg-v-27dcd7/oMBlpCv8nVUrLEYkAAEAiKSDiAZuamIVABDxi/?a=1988&bti=ODszNWYuMDE6&&bt=125&ft=GNDpcInz7ThEbzWGXq8Zmo&mime_type=audio_mpeg&rc=M2U7aWs5cjk4PDMzODU8NEBpM2U7aWs5cjk4PDMzODU8NEA2MzFrMmRrXzJhLS1kMS1zYSM2MzFrMmRrXzJhLS1kMS1zcw%3D%3D&expire=1786120230&l=202608072330218103FF255ECF0E958FF6&ply_type=3&policy=3&signature=5f42a1af4f208cb381fe35a9b5a76219&tk=0&btag=e00070000;https://p16-common-sign.tiktokcdn.com/tos-alisg-avt-0068/299c1cec3ddb5d0ca1436e222038bcae~tplv-tiktokx-cropcenter:1080:1080.jpeg?dr=14579&refresh_token=0e682869&x-expires=1786287600&x-signature=psESVqSUPLZV0vsL%2BqOXHY9TDf0%3D&t=4d5b0474&ps=13740610&shp=a5d48078&shcp=81f88b70&idc=my2;lamagurumi;https://v16-webapp-prime.tiktok.com/video/tos/alisg/tos-alisg-pve-0037c001/okqIXqW0ghJIoelCdUwGeDgjqBALsdKAexiUQ1/?a=1988&bti=ODszNWYuMDE6&&bt=633&eid=20480&ft=I~da4oKyD12Nv671jzIxR16NJlBF-UjNSmopiX&mime_type=video_mp4&rc=OjxnNTk6MzVmZjU7OjRmOkBpMzpxOmw5cmo4PDMzODczNEAwNTUuNmFgNjAxLjQtLjA2YSNgX15gMmQ0XjJhLS1kMTFzcw%3D%3D&expire=1786289430&l=202608072330218103FF255ECF0E958FF6&ply_type=2&policy=2&signature=fa0bf66c34fea034edebd2d88d61de04&tk=tt_chain_token&btag=e00070000;https://www.tiktok.com/@lamagurumi/video/7659028189762604308;https://p19-common-sign.tiktokcdn.com/tos-alisg-p-0037/oAGOABrEEAiSAGKfCw6KmK1ZVBIFJAzsiIcBAU~tplv-tiktokx-origin.image?dr=14575&x-expires=1786287600&x-signature=ATZWX%2FvoKkMyDfUN2ii%2F5R%2B6qKg%3D&t=4d5b0474&ps=13740610&shp=81f88b70&shcp=43f4a2f9&idc=my2;8084;46;841;80900;crochet,amigurumi,pikachu,charmander,pokemon;crochet,amigurumi,pikachu,charmander,Pokemon;;;;
https://www.tiktok.com/search?q=#amigurumi&t=1786116607011;7560897754285886776;7560897754285886776;regilaa;Régila Aguiar;4853;8356;94;https://p16-common-sign.tiktokcdn.com/tos-alisg-avt-0068/ff7b2047267125157310df3657108255~tplv-tiktokx-cropcenter:100:100.jpeg?dr=14579&refresh_token=cac19b74&x-expires=1786287600&x-signature=tUpDmMjpz1bv6%2BTCdzn34DTJiHw%3D&t=4d5b0474&ps=13740610&shp=a5d48078&shcp=81f88b70&idc=my2;Ainda tô aprendendo e vi esse kit de amigurumi que vem TUDO! Tô duvidando da minha capacidade de fazer :/  #crochet #amigurumi #croche #kitamigurumi #bobesponja  Nossa @Linhas Corrente que difícil achar o Lula Molusco! :( ;"Meu novo hiperfoco:
Aprender fazer crochê ";2025-10-14 02:24:58;1760408698;no;no;no;no;no;Agua;6937575118012942376;https://sf16-ies-music-sg.tiktokcdn.com/obj/tos-alisg-ve-2774/d1f17fa40a3f411198853d1788504224;https://p16-sg.tiktokcdn.com/aweme/720x720/tos-alisg-v-2774/oUzzAjArAT7E7APiJCAZiAVWMXxJYrOsFBE6U.jpeg;Tainy & J Balvin;https://v16-webapp-prime.tiktok.com/video/tos/alisg/tos-alisg-ve-37c813-sg/oYgP3IdQ8EU32QSr6MP0cAaiBOx2aB0vihCEt/?a=1988&bti=ODszNWYuMDE6&&bt=2423&ft=I~da4oKyD12Nv671jzIxR16NJlBF-UjNSmopiX&mime_type=video_mp4&rc=Njk8NWY8OzxoZWU1M2VkOkBpMzQ3Z3Q5cnd1NjMzNzczM0BjMjZeNWMuXl4xLjY0My0yYSNiMnJyMmQ0NWphLS1kMTZzcw%3D%3D&expire=1786289474&l=202608072330218103FF255ECF0E958FF6&ply_type=2&policy=2&signature=8ef3f8f361a4ad7148173ab691c62c91&tk=tt_chain_token&btag=e00088000;https://www.tiktok.com/@regilaa/video/7560897754285886776;https://p16-common-sign.tiktokcdn.com/tos-maliva-p-0068/oca1CF5EEQPQQA7FbbfR4w0ARMvtoDJiBIxPBf~tplv-tiktokx-origin.image?dr=14575&x-expires=1786287600&x-signature=qFpqVUBl1tDWt6kutqTPfPmETC0%3D&t=4d5b0474&ps=13740610&shp=81f88b70&shcp=43f4a2f9&idc=my2;159600;608;13600;3100000;crochet,amigurumi,croche,kitamigurumi,bobesponja;crochet,amigurumi,croche,kitamigurumi,bobesponja;;;;
https://www.tiktok.com/search?q=#amigurumi&t=1786116607011;7638624517434117383;7638624517434117383;amigutella.atelie;AmiguTella Ateliê- Bya Machado;295;191;31;https://p16-common-sign.tiktokcdn.com/tos-alisg-avt-0068/653649ff0dcbd37c5d7dfc8feab90536~tplv-tiktokx-cropcenter:100:100.jpeg?dr=14579&refresh_token=aa3011ae&x-expires=1786287600&x-signature=Xm%2BeQAs0DRkQMaV2%2BsvY8DCXnbU%3D&t=4d5b0474&ps=13740610&shp=a5d48078&shcp=81f88b70&idc=my2;✨ Salve a Malandragem! Zé Pilintra em amigurumi. #amigurumi #crochet #umbanda #zepilintra #pontosdeumbanda ;;2026-05-11 13:24:29;1778505869;no;no;no;no;no;som original;7263308586737666821;https://v16-webapp-prime.tiktok.com/video/tos/useast2a/tos-useast2a-v-27dcd7/oEAuB0fbJkD0DJB1BknM5SeHALDzQCNEcRdAEU/?a=1988&bti=ODszNWYuMDE6&&bt=125&ft=GNDpcInz7ThEbzWGXq8Zmo&mime_type=audio_mpeg&rc=anE8Mzk6Zmc6bTMzNzU8M0BpanE8Mzk6Zmc6bTMzNzU8M0BjbTNrcjQwNjNgLS1kMTZzYSNjbTNrcjQwNjNgLS1kMTZzcw%3D%3D&expire=1786120240&l=202608072330218103FF255ECF0E958FF6&ply_type=3&policy=3&signature=8e279be659c9bab56211ac6a20b78c31&tk=0&btag=e00078000;https://p16-common-sign.tiktokcdn.com/tos-maliva-avt-0068/1cc26a52212a3021cf8cd7858dce1fb2~tplv-tiktokx-cropcenter:1080:1080.jpeg?dr=14579&refresh_token=fc31df69&x-expires=1786287600&x-signature=L8drBmAyHeXHdsVHSJB3t9%2BW9PA%3D&t=4d5b0474&ps=13740610&shp=a5d48078&shcp=81f88b70&idc=my2;umbandadeaxe;https://webapp-sg.tiktok.com/e3af23d52d9e14625f30d76a0cf466e9/6a789d1c/kmoat/mps/logo/v2/r/p/v10044g50000d80tgdfog65npkfrhgu0/e793aca3c9164663b90b95fd94fc3c6e/19445d37928174ad38f0663bc7649628/mp4/main.mp4?a=1988&bti=ODszNWYuMDE6&&bt=0&ft=LrmapoKyD12Nv671jzIxR16NJlBF-UjNSmopiX&mime_type=video_mp4&rc=cnF8b2hsc2d3SkBwaHIxaDFybndmaGZmN2c4ZTw2OTk8NmY2OkBpM2p1bnE5cmd3OzMzODczNEBjRl5Nc3FePmJKYSNvYF90aHFmOiMzMGM2YzYtXzMxLmBeXjZiYSNyZWNtMmRjZC1hLS1kMS1zcw%3D%3D&definition=720p&du=15&item_id=7638624517434117383&l=202608072330218103FF255ECF0E958FF6&logo_type=tiktok&ply_type=2&policy=eyJ2bSI6MiwiY2siOiJ0dF9jaGFpbl90b2tlbiJ9&user_text=amigutella.atelie&btag=e000b8000;https://www.tiktok.com/@amigutella.atelie/video/7638624517434117383;https://p19-common-sign.tiktokcdn.com/tos-alisg-p-0037/oAfqk4RcEUDAeBzE62Fg1IMIB8LjIgBvdwEQmA~tplv-tiktokx-origin.image?dr=14575&x-expires=1786287600&x-signature=e7%2BCy5chVit0fxhz0LKGsPOSmIM%3D&t=4d5b0474&ps=13740610&shp=81f88b70&shcp=43f4a2f9&idc=my2;6520;100;453;68100;amigurumi,crochet,umbanda,zepilintra,pontosdeumbanda;amigurumi,crochet,umbanda,zepilintra,pontosdeumbanda;;;;
https://www.tiktok.com/search?q=#amigurumi&t=1786116607011;7591287980485070101;7591287980485070101;ribeiihellen;ribeiihellen;106100;35;447;https://p16-common-sign.tiktokcdn.com/tos-maliva-avt-0068/d811e085691d24278ab3f3fa9650ddf1~tplv-tiktokx-cropcenter:100:100.jpeg?dr=14579&refresh_token=676c10ce&x-expires=1786287600&x-signature=kC4byHVbwrfloWlUse0aXuSAPMc%3D&t=4d5b0474&ps=13740610&shp=a5d48078&shcp=81f88b70&idc=my2;🧶💖 APRENDA AMIGURUMI DO ZERO E TRANSFORME LINHAS EM RENDA! 💰✨ Chega de só curtir fotos de bonequinhos fofos — agora é sua vez de criar! 😍🪡 Descubra o passo a passo para fazer amigurumis perfeitos, mesmo que você nunca tenha pegado numa agulha! 👉 Curso 100% online e prático 👉 Aulas simples, do básico ao avançado 👉 Moldes, técnicas e acabamentos profissionais 👉 Ideal para hobby, presentes ou vendas 🎁🛍️ 🚀 Comece hoje e surpreenda todo mundo com o que suas mãos são capazes de fazer! 🔗 Garanta sua vaga agora — Link na Bio! 🔗 #croche #amigurumi #artesanato #artesanatocriativo #rendaextra ;;2026-01-03 23:54:49;1767484489;no;no;no;no;no;som original;7591288069358144272;https://v16-webapp-prime.tiktok.com/video/tos/alisg/tos-alisg-v-27dcd7/oABiCWXWAFCACUaAIpED3JfcIAcegxLSBQzLjJ/?a=1988&bti=ODszNWYuMDE6&&bt=125&ft=GNDpcInz7ThEbzWGXq8Zmo&mime_type=audio_mpeg&rc=M2VxbHU5cmx0ODMzODU8NEBpM2VxbHU5cmx0ODMzODU8NEBrMDVkMmRzbGBhLS1kMS1zYSNrMDVkMmRzbGBhLS1kMS1zcw%3D%3D&expire=1786120246&l=202608072330218103FF255ECF0E958FF6&ply_type=3&policy=3&signature=cb94455a3e97b4ac8cb8fd93f06c6ab9&tk=0&btag=e00078000;https://p16-common-sign.tiktokcdn.com/tos-maliva-avt-0068/d811e085691d24278ab3f3fa9650ddf1~tplv-tiktokx-cropcenter:1080:1080.jpeg?dr=14579&refresh_token=887dc7d1&x-expires=1786287600&x-signature=w9J2gHLAPY0wmJMu5lIMvocKRhM%3D&t=4d5b0474&ps=13740610&shp=a5d48078&shcp=81f88b70&idc=my2;ribeiihellen;https://v16-webapp-prime.tiktok.com/video/tos/alisg/tos-alisg-pve-0037c001/oo3LzAyxaUgfPEIpKWFfBBgvcXjJu8QmRID7EM/?a=1988&bti=ODszNWYuMDE6&&bt=1328&eid=20480&ft=-Csk_mrMPD12NHzDvn-UxGe5PY6e3wv25UcAp&mime_type=video_mp4&rc=ZGk7N2Y3ZGc4NGQ5aDQ7NkBpM2h5cHc5cjZ0ODMzODczNEAwX2FgNS8xNjUxXjAxMWEtYSNjZnBtMmQ0a2BhLS1kMTFzcw%3D%3D&expire=1786289446&l=202608072330218103FF255ECF0E958FF6&ply_type=2&policy=2&signature=d59ca688b40556b3057f4b3bbdb00686&tk=tt_chain_token&btag=e000b8000;https://www.tiktok.com/@ribeiihellen/video/7591287980485070101;https://p16-common-sign.tiktokcdn.com/tos-alisg-p-0037/oMxfaFuOAEyRpD7cIerBMmDPZ1EEWpKUgCBZI3~tplv-tiktokx-origin.image?dr=14575&x-expires=1786287600&x-signature=dhZW9H1l7aHl2sxwdwTfJqNnQ1U%3D&t=4d5b0474&ps=13740610&shp=81f88b70&shcp=43f4a2f9&idc=my2;51800;210;2913;1400000;croche,amigurumi,artesanato,artesanatocriativo,rendaextra;croche,amigurumi,artesanato,artesanatocriativo,rendaextra;;;;
https://www.tiktok.com/search?q=#amigurumi&t=1786116607011;7631658572958420242;7631658572958420242;lovely.amigurumi;Lovely Amigurumi;43700;12;308;https://p16-common-sign.tiktokcdn.com/tos-alisg-avt-0068/5c68c4d004297c130dfdc65800ec5b77~tplv-tiktokx-cropcenter:100:100.jpeg?dr=14579&refresh_token=9a9cb270&x-expires=1786287600&x-signature=TL6t2ZNbQ2Bai9T6M5relGCnXz0%3D&t=4d5b0474&ps=13740610&shp=a5d48078&shcp=81f88b70&idc=my2;This sun and moon keychain is too cute! ☀️🌙 Obsessed with this little sun and moon amigurumi! It’s the perfect aesthetic addition to your keys or bag #crochet #handmade #amigurumi #sunandmoon #crochetkeychain;;2026-04-22 18:53:03;1776883983;no;no;no;no;no;Yung Kai Blue piano cover by Mora;7516886523451935504;https://v16-webapp-prime.tiktok.com/video/tos/alisg/tos-alisg-v-27dcd7/owAzBQFmMcCBYldXFPUaYIzbyFY8Mii7KARiR/?a=1988&bti=ODszNWYuMDE6&&bt=125&ft=GNDpcInz7ThEbzWGXq8Zmo&mime_type=audio_mpeg&rc=OjY1ZDw8OzVoOjdpZ2llM0BpM2tocHU5cnZvNDMzODU8NEAzXi9iLy5iNTExYl9jYDQwYSNtYHI1MmQ0ZDVhLS1kMS1zcw%3D%3D&expire=1786120297&l=202608072330218103FF255ECF0E958FF6&ply_type=3&policy=3&signature=91e8fb3445ca589a78e01071a6ebdf0c&tk=0&btag=e00050000;https://p16-common-sign.tiktokcdn.com/tos-alisg-avt-0068/8d9fed47a8bb628cda1f97a509b64c12~tplv-tiktokx-cropcenter:1080:1080.jpeg?dr=14579&refresh_token=45a1e829&x-expires=1786287600&x-signature=klmZs4RbBNRVfsrxJRV935we6Pc%3D&t=4d5b0474&ps=13740610&shp=a5d48078&shcp=81f88b70&idc=my2;Pianist Mora;https://v16-webapp-prime.tiktok.com/video/tos/alisg/tos-alisg-pve-0037c001/o4CujOGG0njeI3IOprHe4qVIMSTLIITeDEAARH/?a=1988&bti=ODszNWYuMDE6&&bt=801&eid=20480&ft=I~da4oKyD12Nv671jzIxR16NJlBF-UjNSmopiX&mime_type=video_mp4&rc=OTk2NWk3ZDxnNGZnMzQ8PEBpMzp3aW45cjVrOjMzODczNEA0MmE1NC5jXzYxMWJiNC4wYSM2cGxxMmRrZmhhLS1kMWBzcw%3D%3D&expire=1786289429&l=202608072330218103FF255ECF0E958FF6&ply_type=2&policy=2&signature=739bf19cf48929b3e86514c157512a79&tk=tt_chain_token&btag=e00070000;https://www.tiktok.com/@lovely.amigurumi/video/7631658572958420242;https://p16-common-sign.tiktokcdn.com/tos-alisg-p-0037/owCPjEGG0DjeIKpOprqe4MVICSTLIITeDIAARH~tplv-tiktokx-origin.image?dr=14575&x-expires=1786287600&x-signature=gLfVeucGTdP81wWNhbUTZ%2BJgAMc%3D&t=4d5b0474&ps=13740610&shp=81f88b70&shcp=43f4a2f9&idc=my2;8103;80;2416;298200;crochet,handmade,amigurumi,sunandmoon,crochetkeychain;crochet,handmade,amigurumi,sunandmoon,crochetkeychain;;;;
https://www.tiktok.com/search?q=#amigurumi&t=1786116607011;7500253981168520503;7500253981168520503;nalda.amigu_croche;naldalima;49800;30300;916;https://p16-common-sign.tiktokcdn.com/tos-maliva-avt-0068/7330351714710749189~tplv-tiktokx-cropcenter:100:100.jpeg?dr=14579&refresh_token=e650ac98&x-expires=1786287600&x-signature=OfGmIzols5oYTYce5r6b9SaaWK8%3D&t=4d5b0474&ps=13740610&shp=a5d48078&shcp=81f88b70&idc=my2;Respondendo a @edinhaalves98  #boca#amigurumi#crochet   ;;2025-05-03 16:16:08;1746288968;no;no;no;no;no;som original;7500254024903379718;https://v16-webapp-prime.tiktok.com/video/tos/useast2a/tos-useast2a-v-27dcd7/okAAKIEEEBQoSDFfEQFJW1AleVFqPUCwDBkJAk/?a=1988&bti=ODszNWYuMDE6&&bt=125&ft=GNDpcInz7ThEbzWGXq8Zmo&mime_type=audio_mpeg&rc=MzhvM2w5cm43MzMzNzU8M0BpMzhvM2w5cm43MzMzNzU8M0BjMmZgMmRrL19hLS1kMTZzYSNjMmZgMmRrL19hLS1kMTZzcw%3D%3D&expire=1786120301&l=202608072330218103FF255ECF0E958FF6&ply_type=3&policy=3&signature=289fcfa307e2fd71ea25727fc8f1c8da&tk=0&btag=e00050000;https://p16-common-sign.tiktokcdn.com/tos-maliva-avt-0068/7330351714710749189~tplv-tiktokx-cropcenter:1080:1080.jpeg?dr=14579&refresh_token=2f6cce71&x-expires=1786287600&x-signature=wJ3uFN%2B5xgF4zf9dA7ZzIDX1DJM%3D&t=4d5b0474&ps=13740610&shp=a5d48078&shcp=81f88b70&idc=my2;naldalima;https://v16-webapp-prime.tiktok.com/video/tos/useast2a/tos-useast2a-pve-0068/oAreILEfAkRjQG8fIMhCFybwiWIILQnSggCSQM/?a=1988&bti=ODszNWYuMDE6&&bt=2118&ft=I~da4oKyD12Nv671jzIxR16NJlBF-UjNSmopiX&mime_type=video_mp4&rc=ODo2Z2U5aTU4OGQ3Nzk5O0BpM3lqO3k5cjM3MzMzNzczM0AtMzJhXzReNTAxYTVeMl4vYSNnNW0zMmRrLl9hLS1kMTZzcw%3D%3D&expire=1786289501&l=202608072330218103FF255ECF0E958FF6&ply_type=2&policy=2&signature=007580dbca39c9eeb8e328668cb9f333&tk=tt_chain_token&btag=e00088000;https://www.tiktok.com/@nalda.amigu_croche/video/7500253981168520503;https://p16-common-sign.tiktokcdn.com/tos-maliva-p-0068/oMkoCW8AEDIF6AQAIQ7EFeLARCB9DBAzEfMIuJ~tplv-tiktokx-dmt-logom:tos-useast2a-v-0068/owoFAeuQIAk9CznEEDAWSBAlARFINJfJvQNDCE.image?dr=14573&x-expires=1786287600&x-signature=o3H0Z1kzOAY5vAAe0OOJ07UUhcc%3D&t=4d5b0474&ps=13740610&shp=81f88b70&shcp=43f4a2f9&idc=my2;38200;4974;2918;754200;boca,amigurumi,crochet;boca,amigurumi,crochet;;;;
https://www.tiktok.com/search?q=#amigurumi&t=1786116607011;7382713803382852869;7382713803382852869;macrochee_;Ma crochês;108800;4728;333;https://p16-common-sign.tiktokcdn.com/tos-maliva-avt-0068/de0c8d11a55feae0ac1f8b11b7395346~tplv-tiktokx-cropcenter:100:100.jpeg?dr=14579&refresh_token=986d7ef1&x-expires=1786287600&x-signature=YkZm5uOS2ERhBHAZNWVDD4qQ2kU%3D&t=4d5b0474&ps=13740610&shp=a5d48078&shcp=81f88b70&idc=my2;Uma linda vaquinha Amigurumi 🐮❤️ #vacaamigurumi #vacacrochet #cowcrochet #vaquita #crochet #amigurumi #amigurumis #amigurumilove #amigurumiscrochet #croche #crochetersoftiktok #crochettiktok #crocheter #crochetlove #crocheteras #artesanato #feitoamao #fyp #fyyyyyyyyyyyyyyyy #foryou ;;2024-06-20 22:20:12;1718922012;no;no;no;no;no;You're Somebody Else - Nikodem Milewski Remix;6709900327283329026;https://sf16-ies-music-sg.tiktokcdn.com/obj/tos-alisg-ve-2774/oAeUDMeGgQTVzePaqqZg30cKQCQFAIk9LdqJYA;https://p16-sg.tiktokcdn.com/aweme/720x720/tos-alisg-v-2774/1eb5b9ce1d6d457bb2f413454b790425.jpeg;flora cash;https://v16-webapp-prime.tiktok.com/video/tos/alisg/tos-alisg-pve-0037/ocGlCI3gYI8jJLIEeSveogjegjNyCrgKbOQtAC/?a=1988&bti=ODszNWYuMDE6&&bt=819&ft=-Csk_mrMPD12NyzDvn-UxdT59Y6e3wv25AcAp&mime_type=video_mp4&rc=aGk0NzY2NjM4aGU3NTU3OkBpankzZHc5cjRwdzMzNzgzM0A2MGBiNjBjX2MxLzQxXmEtYSNgZV9tMmQ0ajBgLS1kLzZzcw%3D%3D&expire=1786289485&l=2026080723302499F778716533CC99EA73&ply_type=2&policy=2&signature=a234bc0f4636217a056e24a291199fce&tk=tt_chain_token&btag=e00050000;https://www.tiktok.com/@macrochee_/video/7382713803382852869;https://p16-common-sign.tiktokcdn.com/tos-maliva-p-0068/og2CSRDFlFRZABJ9wn7EVVQ6sEIafBfDIHawh0~tplv-tiktokx-origin.image?dr=14575&x-expires=1786287600&x-signature=jO4er7Pq0VEetvOfA2SUHQ276xA%3D&t=4d5b0474&ps=13740610&shp=81f88b70&shcp=43f4a2f9&idc=my2;6820;76;259;79800;vacaamigurumi,vacacrochet,cowcrochet,vaquita,crochet,amigurumi,amigurumis,amigurumilove,amigurumiscrochet,croche,crochetersoftiktok,crochettiktok,crocheter,crochetlove,crocheteras,artesanato,feitoamao,fyp,fyyyyyyyyyyyyyyyy,foryou;vacaamigurumi,vacacrochet,cowcrochet,vaquita,crochet,amigurumi,amigurumis,amigurumilove,amigurumiscrochet,croche,crochetersoftiktok,crochettiktok,crocheter,crochetlove,crocheteras,artesanato,feitoamao,fyp,fyyyyyyyyyyyyyyyy,foryou;;;;
https://www.tiktok.com/search?q=#amigurumi&t=1786116607011;7382275761761291526;7382275761761291526;fofuami;Fofuami;5752;238;45;https://p19-common-sign.tiktokcdn.com/tos-maliva-avt-0068/50425c36a15268fee7ea2123c51fb48f~tplv-tiktokx-cropcenter:100:100.jpeg?dr=14579&refresh_token=7edc5daa&x-expires=1786287600&x-signature=2kGCsWk7pWgklZXyvKVQlLxyNps%3D&t=4d5b0474&ps=13740610&shp=a5d48078&shcp=81f88b70&idc=my2;Coleção Safári da Fofuami! 🧶😍 Passo a passo completo no link da Bio ✨ #safari #amigurumi #crochet #crochetersoftiktok #crochettutorial #crochê #crochêinspiração #amigurumilove #amigurumispersonalizados #artesanato ;;2024-06-19 18:00:22;1718820022;no;no;no;no;no;Como Um Beijo;7369242063231453201;;https://p77-sign-sg.tiktokcdn.com/tos-alisg-v-2774/ocUIZCOenIQAtABoRBJFjBIEIkDASWCiSgf5Cy~720x720.jpeg?lk3s=08d74b56&x-expires=1786138224&x-signature=cQv2UMaZH116l0y%2BZ5afuQC3KO8%3D;Marcos & Belutti & Nadson O Ferinha;https://v16-webapp-prime.tiktok.com/video/tos/maliva/tos-maliva-ve-0068c801-us/o4EAdEUyryBbMw0SbJQvBIZgajz7IQMiJQinv/?a=1988&bti=ODszNWYuMDE6&&bt=2114&ft=-Csk_mrMPD12NyzDvn-UxdT59Y6e3wv25AcAp&mime_type=video_mp4&rc=ZzRpO2RnZTw5M2g2aDo0NkBpM2ptZmw5cmVrczMzNzczM0BhM2MvYS0tXjAxLS4xYDA0YSNkamVuMmRra21gLS1kMTZzcw%3D%3D&expire=1786289461&l=2026080723302499F778716533CC99EA73&ply_type=2&policy=2&signature=f90f642387a1a90cd784cea91ab37118&tk=tt_chain_token&btag=e00088000;https://www.tiktok.com/@fofuami/video/7382275761761291526;https://p16-common-sign.tiktokcdn.com/tos-maliva-p-0068/3d0d5be72ac94433a6d2c8201ce673be_1718820026~tplv-tiktokx-origin.image?dr=14575&x-expires=1786287600&x-signature=09ccxtUpxlx%2BJEYk0ahrDGVWROY%3D&t=4d5b0474&ps=13740610&shp=81f88b70&shcp=43f4a2f9&idc=my2;1821;51;328;67500;safari,amigurumi,crochet,crochetersoftiktok,crochettutorial,crochê,crochêinspiração,amigurumilove,amigurumispersonalizados,artesanato;safari,amigurumi,crochet,crochetersoftiktok,crochettutorial,crochê,crochêinspiração,amigurumilove,amigurumispersonalizados,artesanato;;;;
https://www.tiktok.com/search?q=#amigurumi&t=1786116607011;7525525641479900422;7525525641479900422;lanalinaamigurumis;Crochet con Lanalina;2372;224;38;https://p16-common-sign.tiktokcdn.com/tos-maliva-avt-0068/6700e8714f57dfa746027105002dae83~tplv-tiktokx-cropcenter:100:100.jpeg?dr=14579&refresh_token=da5ef5df&x-expires=1786287600&x-signature=3uBtf5gxvEl3eTA6V%2BpomQJ%2FrfA%3D&t=4d5b0474&ps=13740610&shp=a5d48078&shcp=81f88b70&idc=my2;Definitivamente la práctica hace al maestro. Si aún sientes que no logras los resultados que quieres o quieres aprender desde cero. Tengo un curso perfecto para ti en el link de mi perfil. #hechoamano #emprendedesdecasa #amigurumipasoapaso #amigurumi #aprendeyemprende #cursodecrochet ;;2025-07-10 18:43:04;1752172984;no;no;no;no;no;sonido original;7525525652524845829;https://v16-webapp-prime.tiktok.com/video/tos/useast2a/tos-useast2a-v-27dcd7/oIBEKAgWiiBvlOAoEEmBkcKwARCAT30wQg3fAb/?a=1988&bti=ODszNWYuMDE6&&bt=125&ft=GNDpcInz7Th4bzWGXq8Zmo&mime_type=audio_mpeg&rc=M2tld3E5cmgzNDMzNzU8M0BpM2tld3E5cmgzNDMzNzU8M0BfLW1rMmRjZ2xhLS1kMTZzYSNfLW1rMmRjZ2xhLS1kMTZzcw%3D%3D&expire=1786120233&l=2026080723302499F778716533CC99EA73&ply_type=3&policy=3&signature=7fdd272cb4cda44755579940b257c68d&tk=0&btag=e00070000;https://p16-common-sign.tiktokcdn.com/tos-maliva-avt-0068/6700e8714f57dfa746027105002dae83~tplv-tiktokx-cropcenter:1080:1080.jpeg?dr=14579&refresh_token=67153789&x-expires=1786287600&x-signature=M2yTojr6XgB2XSlk3%2FH5uSxsQ74%3D&t=4d5b0474&ps=13740610&shp=a5d48078&shcp=81f88b70&idc=my2;Crochet con Lanalina;https://v16-webapp-prime.tiktok.com/video/tos/useast2a/tos-useast2a-ve-0068c002/ogzqS2QyIiOszXBgAC0CwBbAOEx3kzDfoAviVI/?a=1988&bti=ODszNWYuMDE6&&bt=853&ft=-Csk_mrMPD12NyzDvn-UxdT59Y6e3wv25AcAp&mime_type=video_mp4&rc=cnF8b2hsc2d3SkBwaHIxaDFybndmOTRnOWdmO2Y8aWVmZWlpZkBpM2htd3A5cm8zNDMzNzczM0BjRl5Nc3FePmJKYSNvYF90aHFmOiNgMGJiNDReXmMxNTAwMl8xYSNtM3FrMmRjZmxhLS1kMTZzcw%3D%3D&expire=1786289434&l=2026080723302499F778716533CC99EA73&ply_type=2&policy=2&signature=c4f9a754cdfbba993e1b5a45dc397901&tk=tt_chain_token&btag=e000b0000;https://www.tiktok.com/@lanalinaamigurumis/video/7525525641479900422;https://p16-common-sign.tiktokcdn.com/tos-maliva-p-0068/okSv2Af3kOIAyCIBCqosEziiGcoOY0wbBLgAAh~tplv-tiktokx-origin.image?dr=14575&x-expires=1786287600&x-signature=wYhZBZfwnymDk75YPdbkijuuGHQ%3D&t=4d5b0474&ps=13740610&shp=81f88b70&shcp=43f4a2f9&idc=my2;88500;1241;14100;1500000;hechoamano,emprendedesdecasa,amigurumipasoapaso,amigurumi,aprendeyemprende,cursodecrochet;hechoamano,emprendedesdecasa,amigurumipasoapaso,amigurumi,aprendeyemprende,cursodecrochet;;;;
https://www.tiktok.com/search?q=#amigurumi&t=1786116607011;7466912299866017046;7466912299866017046;milmierdass;"Irati ;)";245;25700;27;https://p16-common-sign.tiktokcdn.com/tos-maliva-avt-0068/68215f45e4459a7db6d2cc6be3fdf4b9~tplv-tiktokx-cropcenter:100:100.jpeg?dr=14579&refresh_token=55f8be45&x-expires=1786287600&x-signature=txXIDSDkt55ytjYSfF0ovl4fXDs%3D&t=4d5b0474&ps=13740610&shp=a5d48078&shcp=81f88b70&idc=my2;#crochet #ganchillo #amigurumi #regalo #sanvalentin ;"✨IDEA DE REGALO PARA 
SAN VALENTÍN✨";2025-02-02 19:53:23;1738526003;no;no;no;no;no;Chest Pain (I Love);7444695797344028689;https://sf16-ies-music-sg.tiktokcdn.com/obj/tos-alisg-ve-2774/o8fnTeZtt2DUcQiEL3F9qIx3BN0VMgBiN5EQ7C;https://p77-sg.tiktokcdn.com/aweme/720x720/tos-alisg-v-2774/oAUCUBEN2xDAZ9gL9KA6FoQBfeQABnEt3GEqT1.jpeg;Malcolm Todd;;https://www.tiktok.com/@milmierdass/video/7466912299866017046;https://p16-common-sign.tiktokcdn.com/tos-no1a-p-0037-no/o0EEKz2TIq5EkknCPfJDfFAR0yAFAA8gACQnQc~tplv-tiktokx-origin.image?dr=14575&x-expires=1786287600&x-signature=%2FV2g4nkqIHMnZvsSLnqB7InxWEM%3D&t=4d5b0474&ps=13740610&shp=81f88b70&shcp=43f4a2f9&idc=my2;22600;35;1010;845200;crochet,ganchillo,amigurumi,regalo,sanvalentin;crochet,ganchillo,amigurumi,regalo,sanvalentin;;;;
https://www.tiktok.com/search?q=#amigurumi&t=1786116607011;7657886293623360786;7657886293623360786;mimiloops_handmade;Mimiloops__handmade;20000;3300;455;https://p16-common-sign.tiktokcdn.com/tos-maliva-avt-0068/94f579d93b79604631ba3ab6b782e5a8~tplv-tiktokx-cropcenter:100:100.jpeg?dr=14579&refresh_token=9f3d86e2&x-expires=1786287600&x-signature=Uto9%2Bu2BqaDSilWi52B9qp6i2l4%3D&t=4d5b0474&ps=13740610&shp=a5d48078&shcp=81f88b70&idc=my2;#crochettutorial #amigurumitutorial #tutorial #crochet #amigurumi ;Magic ;2026-07-02 11:10:00;1782990600;no;no;no;no;no;เสียงต้นฉบับ - Buffalover;7640722754883390215;https://v16-webapp-prime.tiktok.com/video/tos/alisg/tos-alisg-v-27dcd7/ogCHETwEWFAAbopAEUED1NfeEA42AmWnDgJe1T/?a=1988&bti=ODszNWYuMDE6&&bt=125&ft=GNDpcInz7Th4bzWGXq8Zmo&mime_type=audio_mpeg&rc=M3JndnQ5cnFuOzMzODU8NEBpM3JndnQ5cnFuOzMzODU8NEBjaXFqMmRrbTFhLS1kMS1zYSNjaXFqMmRrbTFhLS1kMS1zcw%3D%3D&expire=1786120313&l=2026080723302499F778716533CC99EA73&ply_type=3&policy=3&signature=e1b75443ebc4635a5f1d2110ac3d0913&tk=0&btag=e00050000;https://p16-common-sign.tiktokcdn.com/tos-alisg-avt-0068/57be6449669eda9cee3d4b8601aa74af~tplv-tiktokx-cropcenter:1080:1080.jpeg?dr=14579&refresh_token=b3d8a481&x-expires=1786287600&x-signature=wi8i2sjYmEj1qXsSaR2CMFLl6r8%3D&t=4d5b0474&ps=13740610&shp=a5d48078&shcp=81f88b70&idc=my2;Buffalover;https://v16-webapp-prime.tiktok.com/video/tos/alisg/tos-alisg-ve-37c815-sg/oQwf3gggQEgzwXGDIyUISDmCjIfdoFkfAAqFyj/?a=1988&bti=ODszNWYuMDE6&&bt=1007&ft=-Csk_mrMPD12NyzDvn-UxdT59Y6e3wv25AcAp&mime_type=video_mp4&rc=NWY3ZDRpaTg7Zmg8NjM5PEBpM2o5bWo5cnk3PDMzODczNEAvNWAvYl8uXmExNDY2YF8zYSM1MmteMmRzYTBhLS1kMTFzcw%3D%3D&expire=1786289446&l=2026080723302499F778716533CC99EA73&ply_type=2&policy=2&signature=a046d45b23da76b7bd5bfe36f007a230&tk=tt_chain_token&btag=e000b8000;https://www.tiktok.com/@mimiloops_handmade/video/7657886293623360786;https://p16-common-sign.tiktokcdn.com/tos-alisg-p-0037/oc2AlYBAIRkiHWEBFLziEhUvYBuAzBZAwaGgA~tplv-tiktokx-origin.image?dr=14575&x-expires=1786287600&x-signature=PSU73nHUFGnDRwIovNFTDFA5tPw%3D&t=4d5b0474&ps=13740610&shp=81f88b70&shcp=43f4a2f9&idc=my2;34100;166;1349;4600000;crochettutorial,amigurumitutorial,tutorial,crochet,amigurumi;crochettutorial,amigurumitutorial,tutorial,crochet,amigurumi;;;;
https://www.tiktok.com/search?q=#amigurumi&t=1786116607011;7556747193567202578;7556747193567202578;universo.croche;universocroche🧶;1832;10300;31;https://p16-common-sign.tiktokcdn.com/tos-maliva-avt-0068/388406e4ba332131582cb2a7f4f285fc~tplv-tiktokx-cropcenter:100:100.jpeg?dr=14579&refresh_token=c20a9fc6&x-expires=1786287600&x-signature=HxsfUpnI1rli5ha90NFiwQyiuLI%3D&t=4d5b0474&ps=13740610&shp=a5d48078&shcp=81f88b70&idc=my2;Ursinha carinhosa 💜🐻 #amigurumi #croche #crochet ;;2025-10-02 21:58:44;1759442324;no;no;no;no;no;FRESAS;7499276179587008529;;https://p16-sign-sg.tiktokcdn.com/tos-alisg-v-2774/oYCAlFTUiEsSDkeAZfBBsntpgQEXBAAIQoSAIY~720x720.jpeg?lk3s=08d74b56&x-expires=1786138224&x-signature=VakRss4tgPnT%2BlmcMG7Wyc6wROo%3D;OceanVibe!;;https://www.tiktok.com/@universo.croche/video/7556747193567202578;https://p16-common-sign.tiktokcdn.com/tos-alisg-p-0037/okf0jhyWvovTQgEw6DdFlEmDBexg3QR9S8UAHB~tplv-tiktokx-origin.image?dr=14575&x-expires=1786287600&x-signature=3Tbvu%2Be022poJ4tTMX7IAKS1KWM%3D&t=4d5b0474&ps=13740610&shp=81f88b70&shcp=43f4a2f9&idc=my2;13300;134;533;116000;amigurumi,croche,crochet;amigurumi,croche,crochet;;;;
https://www.tiktok.com/search?q=#amigurumi&t=1786116607011;7666233697305152775;7666233697305152775;lovely.amigurumi;Lovely Amigurumi;43700;12;308;https://p16-common-sign.tiktokcdn.com/tos-alisg-avt-0068/5c68c4d004297c130dfdc65800ec5b77~tplv-tiktokx-cropcenter:100:100.jpeg?dr=14579&refresh_token=9a9cb270&x-expires=1786287600&x-signature=TL6t2ZNbQ2Bai9T6M5relGCnXz0%3D&t=4d5b0474&ps=13740610&shp=a5d48078&shcp=81f88b70&idc=my2;Cute DIY Crochet Sun & Moon Keychain ☀️🌙 Relaxing crochet vibes! ✨ Watch me make this adorable amigurumi keychain. What should I make next? Let me know below! 👇 #crochet #amigurumi #diycrafts #handmade #crochetinspiration;;2026-07-24 23:02:11;1784934131;no;no;no;no;no;Perfect for cute pet and child videos(1583669);7426807560907573264;https://sf16-ies-music-sg.tiktokcdn.com/obj/tos-alisg-ve-2774/oknEollUMuVlBfotIHBR5BC9QZFktQfD9gMDJE;https://p77-sg.tiktokcdn.com/aweme/720x720/tos-alisg-v-2774/21ebc5fa64514d34b1af12efb1dcd385.jpeg;Takashi;https://v16-webapp-prime.tiktok.com/video/tos/alisg/tos-alisg-pve-0037c001/oIgSAif8qBRB7322ABBGxyWYiPdIcEfR0EVWjg/?a=1988&bti=ODszNWYuMDE6&&bt=941&eid=20480&ft=-Csk_mrMPD12NyzDvn-UxdT59Y6e3wv25AcAp&mime_type=video_mp4&rc=PDszMzw8aDpnaWhoNTdlNUBpM3FqOHA5cnV4PDMzODczNEBjLy1fNTUvXjExMl4yLS5gYSNkLmNfMmRjcWVhLS1kMWBzcw%3D%3D&expire=1786289432&l=2026080723302499F778716533CC99EA73&ply_type=2&policy=2&signature=a8248df8aa68d00de87ae477e2ee7f23&tk=tt_chain_token&btag=e00070000;https://www.tiktok.com/@lovely.amigurumi/video/7666233697305152775;https://p16-common-sign.tiktokcdn.com/tos-alisg-p-0037/owhE47BvQssI48xCvjUDfDAj7tAFFSeAfDpUQr~tplv-tiktokx-origin.image?dr=14575&x-expires=1786287600&x-signature=3WwT0Voqjc%2B7XvdI%2BASNYpad3uk%3D&t=4d5b0474&ps=13740610&shp=81f88b70&shcp=43f4a2f9&idc=my2;662;6;104;24100;crochet,amigurumi,diycrafts,handmade,crochetinspiration;crochet,amigurumi,diycrafts,handmade,crochetinspiration;;;;
https://www.tiktok.com/search?q=#amigurumi&t=1786116607011;7654245834300689685;7654245834300689685;igrushki.22;@igrushki.22;3225;6691;18;https://p16-common-sign.tiktokcdn.com/tos-alisg-avt-0068/af0e7ae296c952f58d5fa98568027859~tplv-tiktokx-cropcenter:100:100.jpeg?dr=14579&refresh_token=cc595bdc&x-expires=1786287600&x-signature=74rsvPsFzsggSOTPfBKcoo1sH8I%3D&t=4d5b0474&ps=13740610&shp=a5d48078&shcp=81f88b70&idc=my2;✨PATTERN RELEASE✨ My new summer toys collection🥰 #crochetpattern #amigurumilove #amigurumiscrochet #amigurumipattern #crochettutorial ;;2026-06-22 15:43:10;1782142990;no;no;no;no;no;LET ME BE;7609016454654708502;https://sf16-ies-music-sg.tiktokcdn.com/obj/tos-alisg-ve-2774/ogBbI6FKowQPNebGBODCMQx9ZXpgNBjt3jEPfI;https://p16-sg.tiktokcdn.com/aweme/720x720/tos-alisg-v-2774/o8LBAPGfGpTpFBC2IX4SZaYDgEZtQxAPsJ1fIA.jpeg;The Second Voice;https://v16-webapp-prime.tiktok.com/video/tos/alisg/tos-alisg-pve-0037c001/ogUDuDUUEJRgIvFgqb7AYBVfOVqRBJEOeQBEcu/?a=1988&bti=ODszNWYuMDE6&&bt=998&ft=-Csk_mrMPD12NyzDvn-UxdT59Y6e3wv25AcAp&mime_type=video_mp4&rc=NjVmOmczNTc0NDk6aTw1aUBpandrbW85cmxvOzMzODczNEAtL19hLjIxNTMxXl4wNDA2YSNvYmUwMmRjXnBhLS1kMTFzcw%3D%3D&expire=1786289433&l=2026080723302499F778716533CC99EA73&ply_type=2&policy=2&signature=0dd96264aa13264b5c4a14466c923aa7&tk=tt_chain_token&btag=e00070000;https://www.tiktok.com/@igrushki.22/video/7654245834300689685;https://p16-common-sign.tiktokcdn.com/tos-alisg-p-0037/oEwu9AfOKHIAJWIACFwkEKii5sApA15ABMAKB6~tplv-tiktokx-origin.image?dr=14575&x-expires=1786287600&x-signature=BsxRmHhvaEs1SNjD3Lquz%2FuHNtQ%3D&t=4d5b0474&ps=13740610&shp=81f88b70&shcp=43f4a2f9&idc=my2;7727;146;1242;125900;crochetpattern,amigurumilove,amigurumiscrochet,amigurumipattern,crochettutorial;crochetpattern,amigurumilove,amigurumiscrochet,amigurumipattern,crochettutorial;;;;
https://www.tiktok.com/search?q=#amigurumi&t=1786116607011;7438620228931685665;7438620228931685665;amigurumi.bymaria;AmigurumiByMaria🎀🧸;1059;1120;198;https://p16-common-sign.tiktokcdn.com/tos-useast2a-avt-0068-euttp/7a603b417dc53933426bd95cdd572f2a~tplv-tiktokx-cropcenter:100:100.jpeg?dr=14579&refresh_token=7f344fe7&x-expires=1786287600&x-signature=ZMqZX%2B6QiHP4PvmDDr2MUiua6hA%3D&t=4d5b0474&ps=13740610&shp=a5d48078&shcp=81f88b70&idc=my2;Fluffy Cat Amigurumi✨🐈 #explore #cat #fypシ #trend #viralvideos #christmas #fypシ゚viral #cute #animals #amigurumi #crochet #tik_tok #trend #art #handmadegifts #gift #diy #christmastiktok ;What to crochet from this yarn?🤔 Hello✨;2024-11-18 14:05:49;1731938749;no;no;no;no;no;Mona lisa;6698784012149721093;https://sf16-ies-music-sg.tiktokcdn.com/obj/tos-alisg-ve-2774/oUyBQAiWbHB1sGwvDdqdirSAfyoOOzMWw0IbPd;https://p77-sg.tiktokcdn.com/aweme/720x720/tos-alisg-v-2774/oME1osAREEf3U1AB6qntHDjBxEDvQKAfgCZFDZ.jpeg;コシミハル;https://v16-webapp-prime.tiktok.com/video/tos/no1a/tos-no1a-ve-68c710-no/o4ikBC3nOAGRDseQi930YR8BPQ7fEyqVE6XQIB/?a=1988&bti=ODszNWYuMDE6&&bt=1593&ft=-Csk_mrMPD12NyzDvn-UxdT59Y6e3wv25AcAp&mime_type=video_mp4&rc=NmZoZGRpNjo8O2g5PDpkZ0BpamY8Z3c5cmludjMzZjczM0AzMzI1YzZiXy4xXjMuNjUuYSNfMHFxMmRjZnFgLS1kMWNzcw%3D%3D&expire=1786289436&l=2026080723302499F778716533CC99EA73&ply_type=2&policy=2&signature=b0b400710911af791233f38d3498c17a&tk=tt_chain_token&btag=e000b0000;https://www.tiktok.com/@amigurumi.bymaria/video/7438620228931685665;https://p19-common-sign.tiktokcdn.com/tos-useast2a-p-0037-euttp/oM0E3OE06iRXABPdqn9eR2QbkiIhfDsBI7ScBc~tplv-tiktokx-origin.image?dr=14575&x-expires=1786287600&x-signature=mlsH%2Fuu%2BVXzU%2BZPQMNjIqhrOSJk%3D&t=4d5b0474&ps=13740610&shp=81f88b70&shcp=43f4a2f9&idc=my2;36800;357;1466;237200;explore,cat,fypシ,trend,viralvideos,christmas,fypシ゚viral,cute,animals,amigurumi,crochet,tik_tok,trend,art,handmadegifts,gift,diy,christmastiktok;explore,cat,fypシ,trend,viralvideos,christmas,fypシ゚viral,cute,animals,amigurumi,crochet,tik_tok,art,handmadegifts,gift,diy,christmastiktok;;;;
https://www.tiktok.com/search?q=#amigurumi&t=1786116607011;7662487368582171924;7662487368582171924;daiaboettcher;Daiane Boettcher;1814;640;257;https://p16-common-sign.tiktokcdn.com/tos-alisg-avt-0068/5f390101e72b30b8688281a22f2f01ee~tplv-tiktokx-cropcenter:100:100.jpeg?dr=14579&refresh_token=8782bb8a&x-expires=1786287600&x-signature=nkgvxe%2BO04n6fOnB5szIDS194PY%3D&t=4d5b0474&ps=13740610&shp=a5d48078&shcp=81f88b70&idc=my2;​O segredo para começar no amigurumi sem passar nervoso! 🧶👇 ​Se você está dando os seus primeiros passos no amigurumi, a escolha do fio faz toda a diferença para o seu aprendizado ser prazeroso e sem frustrações. #fioamigurumi #crocheteira #linhaparaamigurumi #linhadecroche #amigurumibrasil ;;2026-07-14 20:44:47;1784061887;no;no;yes;no;no;Little Holiday;7655148827238909968;https://sf16-ies-music-sg.tiktokcdn.com/obj/tos-alisg-ve-2774/oAWtWj6BNBkAuAB8MZo8PUIQirjiaMjZUYykq;https://p77-sg.tiktokcdn.com/aweme/720x720/tos-alisg-v-2774/ogjIqBE61ADBgwCwEAAtBXR88QFXZPsEzAzffA.jpeg;Axis7;https://v16-webapp-prime.tiktok.com/video/tos/alisg/tos-alisg-pve-0037c001/osAQWFTw6VP9DnAERf7BpDEegUE0BhREUqmsId/?a=1988&bti=ODszNWYuMDE6&&bt=1288&ft=I~da4oKyD12Nvq71jzIxRGESQlBF-UjNSaopiX&mime_type=video_mp4&rc=NDdoZTk3NjU1OjU6ZGZmNUBpam5reHg5cmY8PDMzODczNEAyNV5jNjJiNjMxXzFiMDYzYSNiM3E0MmQ0cV9hLS1kMTFzcw%3D%3D&expire=1786289451&l=2026080723302499F778716533CC99EA73&ply_type=2&policy=2&signature=9cfa2bdd668615695e0f2026431c3408&tk=tt_chain_token&btag=e000b8000;https://www.tiktok.com/@daiaboettcher/video/7662487368582171924;https://p19-common-sign.tiktokcdn.com/tos-alisg-p-0037/oU0IgEeBR6sIqAnfWvdVhp8u7UADEBFwUPABUT~tplv-tiktokx-origin.image?dr=14575&x-expires=1786287600&x-signature=18lQCoVRSlItq0jFY7Y54Z%2FsXIQ%3D&t=4d5b0474&ps=13740610&shp=81f88b70&shcp=43f4a2f9&idc=my2;127;4;6;8126;fioamigurumi,crocheteira,linhaparaamigurumi,linhadecroche,amigurumibrasil;fioamigurumi,crocheteira,linhaparaamigurumi,linhadecroche,amigurumibrasil;;;;
https://www.tiktok.com/search?q=#amigurumi&t=1786116607011;7578977720357457160;7578977720357457160;universo.croche;universocroche🧶;1832;10300;31;https://p16-common-sign.tiktokcdn.com/tos-maliva-avt-0068/388406e4ba332131582cb2a7f4f285fc~tplv-tiktokx-cropcenter:100:100.jpeg?dr=14579&refresh_token=c20a9fc6&x-expires=1786287600&x-signature=HxsfUpnI1rli5ha90NFiwQyiuLI%3D&t=4d5b0474&ps=13740610&shp=a5d48078&shcp=81f88b70&idc=my2;Ursinha Animadinha😍💖 #amigurumi #crochet #ursinhoscarinhosos ;;2025-12-01 19:44:29;1764618269;no;no;no;no;no;오늘같은 밤;6685972693730200322;https://sf16-ies-music-sg.tiktokcdn.com/obj/tos-alisg-ve-2774/933ea28159fb4d6a9fbc20a0aa6cc959;https://p16-sg.tiktokcdn.com/aweme/720x720/tos-alisg-v-2774/cdc3ee12109a4d75bfe3153294e6597c.jpeg;nokdu;;https://www.tiktok.com/@universo.croche/video/7578977720357457160;https://p16-common-sign.tiktokcdn.com/tos-alisg-p-0037/oYGLe1FkIi095zMDe8SItBBCWIN2oqzfAAgiYj~tplv-tiktokx-origin.image?dr=14575&x-expires=1786287600&x-signature=WcZy%2BG0WRNICGAYYD54DcyqOguM%3D&t=4d5b0474&ps=13740610&shp=81f88b70&shcp=43f4a2f9&idc=my2;13000;76;439;98300;amigurumi,crochet,ursinhoscarinhosos;amigurumi,crochet,ursinhoscarinhosos;;;;
https://www.tiktok.com/search?q=#amigurumi&t=1786116607011;7600516345079467285;7600516345079467285;fofurinhascute;fofurinhascute;36500;275;156;https://p16-common-sign.tiktokcdn.com/tos-maliva-avt-0068/72ca0e9c53b08f30f4268c008fd29dbe~tplv-tiktokx-cropcenter:100:100.jpeg?dr=14579&refresh_token=8b21b231&x-expires=1786287600&x-signature=toZbvY2AqBIVBNhxScy%2FzQh%2B870%3D&t=4d5b0474&ps=13740610&shp=a5d48078&shcp=81f88b70&idc=my2;Amigurúmi animado Crochê falante #amigurumi  #animacão  #desenhoanimado  #objetofalante  #flor ;@fofurinhascute;2026-01-28 20:45:23;1769633123;no;no;no;no;no;som original;7600516395654335240;https://v16-webapp-prime.tiktok.com/video/tos/alisg/tos-alisg-v-27dcd7/oUq6TnCySQgfojDydCeFLdVEYkDCCaEQlAf0WJ/?a=1988&bti=ODszNWYuMDE6&&bt=125&ft=GNDpcInz7Th4bzWGXq8Zmo&mime_type=audio_mpeg&rc=ZTs2ZDNoZ2U8aWVlZzY8NkBpam87a3M5cnM6ODMzODU8NEAxMzNjLS5eXmExYzEuNS8vYSMtZDMtMmRjXnFhLS1kMS1zcw%3D%3D&expire=1786120230&l=2026080723302499F778716533CC99EA73&ply_type=3&policy=3&signature=9d6c2fb34e55a243ad4442fb5c8cdc9d&tk=0&btag=e00070000;https://p16-common-sign.tiktokcdn.com/tos-maliva-avt-0068/72ca0e9c53b08f30f4268c008fd29dbe~tplv-tiktokx-cropcenter:1080:1080.jpeg?dr=14579&refresh_token=b5d5154d&x-expires=1786287600&x-signature=fZpa%2FUTb%2BI37PGCQYmEXoVeGhuY%3D&t=4d5b0474&ps=13740610&shp=a5d48078&shcp=81f88b70&idc=my2;fofurinhascute;https://v16-webapp-prime.tiktok.com/video/tos/alisg/tos-alisg-pve-0037c001/oQUOAM9UIA4Rq2aIeDmQQFjeqQhjApWQS6CfY8/?a=1988&bti=ODszNWYuMDE6&&bt=1138&eid=20480&ft=-Csk_mrMPD12NyzDvn-UxdT59Y6e3wv25AcAp&mime_type=video_mp4&rc=PGk8aTY0Nmk4ZjtnaTk2aEBpM3UzZXE5cnQ6ODMzODczNEAwYGJfLjZeXjUxX19iLS9fYSMzMnFpMmQ0NXFhLS1kMWBzcw%3D%3D&expire=1786289430&l=2026080723302499F778716533CC99EA73&ply_type=2&policy=2&signature=d2711e54a2137c023cb85431507e4c41&tk=tt_chain_token&btag=e00070000;https://www.tiktok.com/@fofurinhascute/video/7600516345079467285;https://p16-common-sign.tiktokcdn.com/tos-alisg-p-0037/oAeDBjSQ0f2MjCQ6AR4sO8QKWIAjLC9emYFqrQ~tplv-tiktokx-origin.image?dr=14575&x-expires=1786287600&x-signature=jmpLT70gv6B06Rzl%2BO9N2PcVjAE%3D&t=4d5b0474&ps=13740610&shp=81f88b70&shcp=43f4a2f9&idc=my2;144;13;25;5653;amigurumi,animacão,desenhoanimado,objetofalante,flor;amigurumi,animacão,desenhoanimado,objetofalante,flor;;;;
https://www.tiktok.com/search?q=#amigurumi&t=1786116607011;7502498381823036690;7502498381823036690;ovigurumis;OviGurumis;3599;78;144;https://p16-common-sign.tiktokcdn.com/tos-alisg-avt-0068/ba90ed19d9a325539d469ecf7b3232b5~tplv-tiktokx-cropcenter:100:100.jpeg?dr=14579&refresh_token=d9c96811&x-expires=1786287600&x-signature=aQzip4b1TR1%2BXjqErh6UdqCGpgM%3D&t=4d5b0474&ps=13740610&shp=a5d48078&shcp=81f88b70&idc=my2;🤡🤡🤡 Amigas crocheteras, pasen diseños para usar esos mounstros 🤡🤡🤡 #clown #crochet #amigurumi #tejedoras #crochetersoftiktok #fail #idea ;Amigos revisen las medidas cuando hagan pedidos. Que se supone que haga con esos ojotes 🤡🤡🤡;2025-05-09 17:25:33;1746811533;no;no;no;no;no;Circus ;5000000000466570075;https://sf16-ies-music-sg.tiktokcdn.com/obj/tos-alisg-ve-2774/6a2bc883621c48219c5a2978221d00f1;https://p16-sg.tiktokcdn.com/aweme/720x720/tos-alisg-v-2774/ocZBvBtvC1AEVAKnekQFEibWEByf9A3akgDStz.jpeg;Color Clownies;https://webapp-sg.tiktok.com/d851e9303eb332847833f7ad123cc30b/6a789d19/kmoat/mps/logo/v2/r/p/v14044g50000d0f3kofog65qrpnqt2pg/32523b34d2a244069a897897d5ee69e1/460c908723495c0fc60fa5baafdbc11d/mp4/main.mp4?a=1988&bti=ODszNWYuMDE6&&bt=0&ft=LrmapoKyD12Nv971jzIxRXk_HlBF-UjNSEopiX&mime_type=video_mp4&rc=cnF8b2hsc2d3SkBwaHIxaDFybndmNDxoODo7PGQ5NzU1N2U1NUBpajV0c3Q5cnI2MzMzODczNEBjRl5Nc3FePmJKYSNvYF90aHFmOiNiM2JhNjQ1Ni0xXmEwMDIwYSNtcWtvMmRjaGNhLS1kMTFzcw%3D%3D&definition=720p&du=8&item_id=7502498381823036690&l=20260807233026F40664CCC7F7C69054D3&logo_type=tiktok&ply_type=2&policy=eyJ2bSI6MiwiY2siOiJ0dF9jaGFpbl90b2tlbiJ9&user_text=ovigurumis&btag=e000b0000;https://www.tiktok.com/@ovigurumis/video/7502498381823036690;https://p16-common-sign.tiktokcdn.com/tos-alisg-p-0037/ooxQgE1BRp9IoAOfepmHgjojNFoDEBFhUvxBRd~tplv-tiktokx-origin.image?dr=14575&x-expires=1786287600&x-signature=5am5WVQn5WCAnJQJuvEzPAbIfdM%3D&t=4d5b0474&ps=13740610&shp=81f88b70&shcp=43f4a2f9&idc=my2;277500;1603;1413;3500000;clown,crochet,amigurumi,tejedoras,crochetersoftiktok,fail,idea;clown,crochet,amigurumi,tejedoras,crochetersoftiktok,fail,idea;;;;
https://www.tiktok.com/search?q=#amigurumi&t=1786116607011;7502124913432497414;7502124913432497414;by_giselle;Giselle Vazquez;4804;28100;62;https://p16-common-sign.tiktokcdn.com/tos-maliva-avt-0068/0f4574a13be6d74a650fb1c5c7da830a~tplv-tiktokx-cropcenter:100:100.jpeg?dr=14579&refresh_token=1349dfef&x-expires=1786287600&x-signature=mr8XwFrUsRqDxx1YJFaK1NJ5pjY%3D&t=4d5b0474&ps=13740610&shp=a5d48078&shcp=81f88b70&idc=my2;Ahhh!!!🐈‍⬛🧶 Tejer con este tipo de estambre es frustrante pero el resultado vale la pena 😌 #crochet #crochetcat #fluffy #cat #gato #hechoamano #amigurumi #fluffycat ;"Nooo!!!
 no nos conviertas en un gatito😫 AHHHHH!!!!!";2025-05-08 17:16:17;1746724577;no;no;no;no;no;original sound - bii !;7229344516251388678;https://v16-webapp-prime.tiktok.com/video/tos/useast2a/tos-useast2a-v-27dcd7/ae30298c882949e9856865bab4ea9065/?a=1988&bti=ODszNWYuMDE6&&bt=127&ft=GNDpcInz7ThBbzWGXq8Zmo&mime_type=audio_mpeg&rc=Mzg0azg6Zjd2azMzNzU8M0BpMzg0azg6Zjd2azMzNzU8M0BlZi1qcjQwaTZgLS1kMTZzYSNlZi1qcjQwaTZgLS1kMTZzcw%3D%3D&expire=1786120233&l=20260807233026F40664CCC7F7C69054D3&ply_type=3&policy=3&signature=f2da634a0039d34867fd6ffaca061bad&tk=0&btag=e00070000;https://p16-common-sign.tiktokcdn.com/tos-alisg-avt-0068/11f4602b937f076e2b866c1d5d1b336f~tplv-tiktokx-cropcenter:1080:1080.jpeg?dr=14579&refresh_token=0ea32668&x-expires=1786287600&x-signature=aFl79KalwaN56wC%2F7%2B5g1R7807E%3D&t=4d5b0474&ps=13740610&shp=a5d48078&shcp=81f88b70&idc=my2;ñez;;https://www.tiktok.com/@by_giselle/video/7502124913432497414;https://p16-common-sign.tiktokcdn.com/tos-maliva-p-0068/oIAQgEjAj2OIQAzf5AiOAcbvIvrDIEFfSOfCVs~tplv-tiktokx-origin.image?dr=14575&x-expires=1786287600&x-signature=Xwrq2lcnUwBQakbH45RBodZ0o9c%3D&t=4d5b0474&ps=13740610&shp=81f88b70&shcp=43f4a2f9&idc=my2;147900;354;11000;1100000;crochet,crochetcat,fluffy,cat,gato,hechoamano,amigurumi,fluffycat;crochet,crochetcat,fluffy,cat,gato,hechoamano,amigurumi,fluffycat;;;;
https://www.tiktok.com/search?q=#amigurumi&t=1786116607011;7605788275755748626;7605788275755748626;ecohilobag;ecohilobag;60800;779;432;https://p16-common-sign.tiktokcdn.com/tos-maliva-avt-0068/528b75eb0e00ca5b22172c44a7cb764e~tplv-tiktokx-cropcenter:100:100.jpeg?dr=14579&refresh_token=3662a344&x-expires=1786287600&x-signature=SShCKBY48RKJ1rXTpTEvpffpD2s%3D&t=4d5b0474&ps=13740610&shp=a5d48078&shcp=81f88b70&idc=my2;Aprende a identificar la diferencia entre el punto X y el punto V y mejora el acabado de tus tejidos 🧶✨ Pequeños detalles hacen grandes cambios en el resultado final. Si quieres seguir perfeccionando tu técnica en el CROCHET y aprender más sobre amigurumis y puntos profesionales, comenta curso 💛 #Crochet #Ganchillo #Amigurumi #PuntoX #Crocheteras ;;2026-02-12 01:43:07;1770860587;no;no;no;no;no;New Abundance;6935475212096686081;https://sf16-ies-music-sg.tiktokcdn.com/obj/tos-alisg-ve-2774/ocomBK2zEHwFqUhCGgJICeumZcoJDBO2tfkMJQ;https://p16-sg.tiktokcdn.com/aweme/720x720/tos-alisg-v-2774/ocVfIdMHAXszFI9dUAIAeSLiaSDcgIehCLAsGA.jpeg;Omar Enfedaque;https://webapp-sg.tiktok.com/f14c13b28e5cf7f268d4381e80aa9b2b/6a789d1f/kmoat/mps/logo/v3/r/p/v1c044g50000d66iv2nog65r0nvmuibg/efb4389d9eba41cf92ad515b18a8048b/cf59ad28ff9d837d917f2d41eee05f8f/mp4/main.mp4?a=1988&bti=ODszNWYuMDE6&&bt=0&ft=LrmapoKyD12Nv971jzIxRXk_HlBF-UjNSEopiX&mime_type=video_mp4&rc=cnF8b2hsc2d3SkBwaHIxaDFybndmZTc7O2U0ZzVpNGRoZzs3aUBpamxwcXU5cjVsOTMzODczNEBjRl5Nc3FePmJKYSNvYF90aHFmOiM1LV4uMjJeNmAxXzY2MF9iYSNfcnMtMmRrczNhLS1kMWBzcw%3D%3D&definition=720p&du=14&item_id=7605788275755748626&l=20260807233026F40664CCC7F7C69054D3&logo_type=tiktok_creator&ply_type=2&policy=eyJ2bSI6MiwiY2siOiJ0dF9jaGFpbl90b2tlbiJ9&sign_params=item_id%2Cuser_text&user_text=ecohilobag&btag=e000b0000;https://www.tiktok.com/@ecohilobag/video/7605788275755748626;https://p19-common-sign.tiktokcdn.com/tos-alisg-p-0037/oQCPAMSG6FWaCIlBITED2CfXIA9EAe9fD4NKvj~tplv-tiktokx-origin.image?dr=14575&x-expires=1786287600&x-signature=RsxwmBnC0sHFMfZb9LcE4QlinFs%3D&t=4d5b0474&ps=13740610&shp=81f88b70&shcp=43f4a2f9&idc=my2;8951;32;861;286700;crochet,ganchillo,amigurumi,puntox,crocheteras;crochet,ganchillo,amigurumi,puntox,crocheteras;;;;
https://www.tiktok.com/search?q=#amigurumi&t=1786116607011;7287183772066254086;7287183772066254086;brightbyv;Bright by V.;7858;590;282;https://p16-common-sign.tiktokcdn.com/tos-maliva-avt-0068/6c103444bd9e334c37f94f135e7ed881~tplv-tiktokx-cropcenter:100:100.jpeg?dr=14579&refresh_token=5e59ffbf&x-expires=1786287600&x-signature=4g1AF9owZA2ZznWcMaJiuLNf0No%3D&t=4d5b0474&ps=13740610&shp=a5d48078&shcp=81f88b70&idc=my2;First time crocheting using chunky yarn 🧶 #amigurumi #crochet #crochetduck #fyp ;;2023-10-07 11:54:50;1696679690;no;no;no;no;no;调皮的小可爱;7130149770248603655;;https://p16-sign-sg.tiktokcdn.com/tos-alisg-v-2774/e104bb0f9a2d47f192829665498d1fcc~720x720.jpeg?lk3s=08d74b56&x-expires=1786138226&x-signature=ryE2bUNA16dI5DVVHJhBizDzVSw%3D;AAugus;;https://www.tiktok.com/@brightbyv/video/7287183772066254086;https://p16-common-sign.tiktokcdn.com/tos-maliva-p-0068/oYJnu6TfDYdCQweQlkdAyRUb1aYRB5EIhIBDgJ~tplv-tiktokx-origin.image?dr=14575&x-expires=1786287600&x-signature=vW8rj9IOs95c2Ai8lHRCOPBySVQ%3D&t=4d5b0474&ps=13740610&shp=81f88b70&shcp=43f4a2f9&idc=my2;2669;51;197;243900;amigurumi,crochet,crochetduck,fyp;amigurumi,crochet,crochetduck,fyp;;;;
https://www.tiktok.com/search?q=#amigurumi&t=1786116607011;7548542999005809975;7548542999005809975;knotsandsnuggles;knotsandsnuggles;95700;913;248;https://p16-common-sign.tiktokcdn.com/tos-maliva-avt-0068/53bcad781862946bd20db26a3e9deda4~tplv-tiktokx-cropcenter:100:100.jpeg?dr=14579&refresh_token=1c08962b&x-expires=1786287600&x-signature=jB50lBV0yhKkosd6tCSa984Tkg0%3D&t=4d5b0474&ps=13740610&shp=a5d48078&shcp=81f88b70&idc=my2;Crocheting an elephant 🐘  Pattern by me #crochet #amigurumi #crochetersoftiktok #crochettiktok #elephant;"Crocheting an
elephant 🐘 ";2025-09-10 19:22:45;1757532165;no;no;no;no;no;Take me to where your heart is;7270039870930864130;https://sf16-ies-music-sg.tiktokcdn.com/obj/tos-alisg-ve-2774/oAOSW1khsoFtbE7mYwOjLMtcIBoy9OzpAwnAfA;https://p77-sg.tiktokcdn.com/aweme/720x720/tos-alisg-v-2774/oEKtibGIrgeZnDAIAhJDCXBQxB5eIKD2k1J2AH.jpeg;Shaya Zamora;;https://www.tiktok.com/@knotsandsnuggles/video/7548542999005809975;https://p19-common-sign.tiktokcdn.com/tos-useast5-p-0068-tx/osdU4aAIPHVMiAhiGBBxPg4YLHUZBX0SE4H8I~tplv-tiktokx-origin.image?dr=14575&x-expires=1786287600&x-signature=YcvWFdxSBYOkLYaTeEOeCAlQbkA%3D&t=4d5b0474&ps=13740610&shp=81f88b70&shcp=43f4a2f9&idc=my2;296400;423;24700;3400000;crochet,amigurumi,crochetersoftiktok,crochettiktok,elephant;crochet,amigurumi,crochetersoftiktok,crochettiktok,elephant;;;;
https://www.tiktok.com/search?q=#amigurumi&t=1786116607011;7488114746537905451;7488114746537905451;thecrochetginger;thecrochetginger;1100000;23400;173;https://p16-common-sign.tiktokcdn.com/tos-maliva-avt-0068/9d5ebff44f6cda0940a9a13123664e4b~tplv-tiktokx-cropcenter:100:100.jpeg?dr=14579&refresh_token=6ecd16a9&x-expires=1786287600&x-signature=8HJCcY3Y1kqOWgNZIqt2HHyx648%3D&t=4d5b0474&ps=13740610&shp=a5d48078&shcp=81f88b70&idc=my2;This has got to be my favorite commission so far🥹 #crochet #crochetersoftiktok #amigurumi #crochetplushie #crochetbusiness #crochetdog ;- “Can you make my friends dog for her bday?” Omg yes!! -;2025-03-31 23:10:15;1743462615;no;no;no;no;no;sonido original;7427588920122854149;https://v16-webapp-prime.tiktok.com/video/tos/useast2a/tos-useast2a-v-27dcd7/oweLUyZECACIAFgey6GQSOEMKEAGQGTtDLkoAf/?a=1988&bti=ODszNWYuMDE6&&bt=125&ft=GNDpcInz7ThBbzWGXq8Zmo&mime_type=audio_mpeg&rc=M2pmcXY5cm00djMzNzU8M0BpM2pmcXY5cm00djMzNzU8M0BmXm1rMmQ0ZV5gLS1kMTZzYSNmXm1rMmQ0ZV5gLS1kMTZzcw%3D%3D&expire=1786120250&l=20260807233026F40664CCC7F7C69054D3&ply_type=3&policy=3&signature=d408cff748320a1b868d9ad71fa69f21&tk=0&btag=e00078000;https://p16-common-sign.tiktokcdn.com/tos-maliva-avt-0068/abb7d1247fccba525b518531d5cb2e56~tplv-tiktokx-cropcenter:1080:1080.jpeg?dr=14579&refresh_token=809171c1&x-expires=1786287600&x-signature=rE3nX4vx3eabWog3A6E2stvmuKI%3D&t=4d5b0474&ps=13740610&shp=a5d48078&shcp=81f88b70&idc=my2;vivi;https://v16-webapp-prime.tiktok.com/video/tos/alisg/tos-alisg-ve-37c799-sg/oMepz9lAHACIuIAHybGikPRe1gLAT7jekLcIBy/?a=1988&bti=ODszNWYuMDE6&&bt=1259&ft=I~da4oKyD12Nv971jzIxRXk_HlBF-UjNSEopiX&mime_type=video_mp4&rc=aDlkaTU3OjZnaTU6aGc3M0Bpajs8eXY5cjdseTMzZzczNEBfLTA2Ni9gNmMxLmEwNTVgYSNnMTJkMmRrLWlgLS1kMS9zcw%3D%3D&expire=1786289441&l=20260807233026F40664CCC7F7C69054D3&ply_type=2&policy=2&signature=1c3687c980401b366857183b88fc7eac&tk=tt_chain_token&btag=e000b8000;https://www.tiktok.com/@thecrochetginger/video/7488114746537905451;https://p16-common-sign.tiktokcdn.com/tos-useast5-p-0068-tx/ocf5rYWADACEAlga1YDLSnIN6EADiIRUyFeEDM~tplv-tiktokx-origin.image?dr=14575&x-expires=1786287600&x-signature=%2BvjnUjEjpcGaG44dyIWzOSB7v%2BE%3D&t=4d5b0474&ps=13740610&shp=81f88b70&shcp=43f4a2f9&idc=my2;72600;492;1149;683800;crochet,crochetersoftiktok,amigurumi,crochetplushie,crochetbusiness,crochetdog;crochet,crochetersoftiktok,amigurumi,crochetplushie,crochetbusiness,crochetdog;;;;
https://www.tiktok.com/search?q=#amigurumi&t=1786116607011;7323144479882464519;7323144479882464519;crochetlovelise;crochetlovelise;18200;12;25;https://p16-common-sign.tiktokcdn.com/tos-alisg-avt-0068/c8d7e7122f15ff87c4414bcbace9fbff~tplv-tiktokx-cropcenter:100:100.jpeg?dr=14579&refresh_token=ee11983c&x-expires=1786287600&x-signature=FKANLhjfKnfWnMraAOAWuQUAC9k%3D&t=4d5b0474&ps=13740610&shp=a5d48078&shcp=81f88b70&idc=my2;Swinging 🐰🐯🐧🦖🐸 #amigurumi #crochetmalaysia #crochetcharm #carcharm #handmadewithlove ;;2024-01-12 09:40:47;1705052447;no;no;no;no;no;bukan hal akuuuuuuu;7288759326373432065;https://v16-webapp-prime.tiktok.com/video/tos/alisg/tos-alisg-v-27dcd7/osBIQAXWDeJQ6mAAImPnAeb13dvAfIUNiGtbFf/?a=1988&bti=ODszNWYuMDE6&&bt=125&ft=GNDpcInz7ThBbzWGXq8Zmo&mime_type=audio_mpeg&rc=amhxODc6ZnlnbjMzODU8NEBpamhxODc6ZnlnbjMzODU8NEBpaWkxcjRnc2dgLS1kMS1zYSNpaWkxcjRnc2dgLS1kMS1zcw%3D%3D&expire=1786120241&l=20260807233026F40664CCC7F7C69054D3&ply_type=3&policy=3&signature=6fb15beed518bce55dda8c536e7db5e6&tk=0&btag=e00078000;https://p19-common-sign.tiktokcdn.com/musically-maliva-obj/1594805258216454~tplv-tiktokx-cropcenter:1080:1080.jpeg?dr=14579&refresh_token=8b2022ee&x-expires=1786287600&x-signature=RBbx1B7CUdtDsTjehd%2BWzLox2UY%3D&t=4d5b0474&ps=13740610&shp=a5d48078&shcp=81f88b70&idc=my2;urm0thergween;https://v16-webapp-prime.tiktok.com/video/tos/alisg/tos-alisg-pve-0037c001/oYIyAhYBikSid6CA1wvI0QpwIN16BAQ0CfWENq/?a=1988&bti=ODszNWYuMDE6&&bt=1197&ft=I~da4oKyD12Nv971jzIxRXk_HlBF-UjNSEopiX&mime_type=video_mp4&rc=N2c4O2U2aWdoaWg8aGkzaUBpM2c8d245cmxqcDMzODczNEAwY2EvLjM1X2MxXjIvXzRiYSM1bmNoMmRjYWRgLS1kMTFzcw%3D%3D&expire=1786289438&l=20260807233026F40664CCC7F7C69054D3&ply_type=2&policy=2&signature=62e3cd65af4fe4cf42657ddc0a093c4b&tk=tt_chain_token&btag=e00070000;https://www.tiktok.com/@crochetlovelise/video/7323144479882464519;https://p16-common-sign.tiktokcdn.com/tos-alisg-p-0037/989ae1f063d047c1ad98e143384ae7a8_1705052448~tplv-tiktokx-origin.image?dr=14575&x-expires=1786287600&x-signature=9mu9AJqrgzbYeMFUCO%2B14m4qby8%3D&t=4d5b0474&ps=13740610&shp=81f88b70&shcp=43f4a2f9&idc=my2;251600;1877;24800;4500000;amigurumi,crochetmalaysia,crochetcharm,carcharm,handmadewithlove;amigurumi,crochetmalaysia,crochetcharm,carcharm,handmadewithlove;;;;
https://www.tiktok.com/search?q=#amigurumi&t=1786116607011;7432369444900375839;7432369444900375839;sweetpeaplush;౨ৎ;39400;82;129;https://p16-common-sign.tiktokcdn.com/tos-maliva-avt-0068/9d1caba9051eafb30b70c6e9390734a7~tplv-tiktokx-cropcenter:100:100.jpeg?dr=14579&refresh_token=2424569f&x-expires=1786287600&x-signature=GztCCm0Pc7ROcROWYt9VBLytksQ%3D&t=4d5b0474&ps=13740610&shp=a5d48078&shcp=81f88b70&idc=my2;shark onesie bunny 🦈 pattern by me ☁️ #crochet #amigurumis #crochetplushie #fyp #crochettiktok #crochetbunny #crochetpattern ;"crocheting a bunny
in a shark onesie 🦈";2024-11-01 17:49:43;1730483383;no;no;no;no;no;Cherish (My Love);7425938554373736449;https://sf16-ies-music-sg.tiktokcdn.com/obj/tos-alisg-ve-2774/oYzWf6gME4DCFQvFhjBEUnH2hkbBZtNYIab9fU;https://p16-sg.tiktokcdn.com/aweme/720x720/tos-alisg-v-2774/ooAUdOBAJAESbi4WxEok3YrEsWHc5AAAYiAPZ.jpeg;ILLIT;https://v16-webapp-prime.tiktok.com/video/tos/alisg/tos-alisg-ve-37c799-sg/ociEdDSQiDFRE80fEA3mVVnBg6RvJAeXEIsBgp/?a=1988&bti=ODszNWYuMDE6&&bt=851&ft=I~da4oKyD12Nv971jzIxRXk_HlBF-UjNSEopiX&mime_type=video_mp4&rc=ZTo1ZWc6NjU7OmhnaTk7M0BpamtzNXU5cmdrdjMzaTczNEA2LWNfX18tXmIxX2NfMmEvYSM1Y2plMmQ0NmZgLS1kMTJzcw%3D%3D&expire=1786289438&l=20260807233026F40664CCC7F7C69054D3&ply_type=2&policy=2&signature=44a391e1980ffe15d9fcee47b456ddab&tk=tt_chain_token&btag=e000b0000;https://www.tiktok.com/@sweetpeaplush/video/7432369444900375839;https://p16-common-sign.tiktokcdn.com/tos-useast8-p-0068-tx2/oMxNyvUxPFoAilAAEERAZBLElsAIAtYBiFRzU~tplv-tiktokx-origin.image?dr=14575&x-expires=1786287600&x-signature=5iQDCGo56n2rMG1RRyUHiPnf6xQ%3D&t=4d5b0474&ps=13740610&shp=81f88b70&shcp=43f4a2f9&idc=my2;247200;839;15300;2100000;crochet,amigurumis,crochetplushie,fyp,crochettiktok,crochetbunny,crochetpattern;crochet,amigurumis,crochetplushie,fyp,crochettiktok,crochetbunny,crochetpattern;;;;
https://www.tiktok.com/search?q=#amigurumi&t=1786116607011;7666939456640847118;7666939456640847118;oxogio;serg;5877;180500;129;https://p16-common-sign.tiktokcdn.com/tos-maliva-avt-0068/7f0ea3c721ede2344cc9bfadccc16ebf~tplv-tiktokx-cropcenter:100:100.jpeg?dr=14579&refresh_token=23976d72&x-expires=1786287600&x-signature=jkxbg4hg4Xws5rc4r97z7aLEt6g%3D&t=4d5b0474&ps=13740610&shp=a5d48078&shcp=81f88b70&idc=my2;take a bite… 😋 #crochet #crochettok #amigurumi #cookie #fypシ ;;2026-07-26 20:41:12;1785098472;no;no;no;no;no;BGM perfect for item description;6817500160541591553;https://sf16-ies-music-sg.tiktokcdn.com/obj/tos-alisg-ve-2774/b13d6decc5674df1822254fccf01cf82;https://p16-sg.tiktokcdn.com/aweme/720x720/tos-alisg-v-2774/37bfd60c9dc44e76a331d5f9f51059d1.jpeg;Mi-on（みおん）;;https://www.tiktok.com/@oxogio/video/7666939456640847118;https://p16-common-sign.tiktokcdn.com/tos-useast5-p-0068-tx/oUr2XqABfACdAgDKEI6nyeIgIFRq1ZRA5SEED1~tplv-tiktokx-origin.image?dr=14575&x-expires=1786287600&x-signature=Z1v0oV0hx9Y%2B8xavYKkjPqWTsDo%3D&t=4d5b0474&ps=13740610&shp=81f88b70&shcp=43f4a2f9&idc=my2;4087;57;88;60200;crochet,crochettok,amigurumi,cookie,fypシ;crochet,crochettok,amigurumi,cookie,fypシ;;;;
https://www.tiktok.com/search?q=#amigurumi&t=1786116607011;7607569699492171022;7607569699492171022;littleyarn_01;Little Yarn;21600;182;15;https://p16-common-sign.tiktokcdn.com/tos-maliva-avt-0068/7a8fe8554eda2b8072e52eb5b8f31b06~tplv-tiktokx-cropcenter:100:100.jpeg?dr=14579&refresh_token=1cc5c29a&x-expires=1786287600&x-signature=Jt6iIqnEI9gqbhTETrxkfn%2Fwg5A%3D&t=4d5b0474&ps=13740610&shp=a5d48078&shcp=81f88b70&idc=my2;Eight legs of pure softness 🐙💙 How to Order: Check my Highlights on insta → Available Plushies to see what’s in stock. Don’t see what you want? DM me to request a plushie or place a custom order 💕 Made-to-order plushies may take longer to ship. Thank you for supporting my handmade shop 🧶💖  #crochet #crochetplushie #crochetoctopusplushie #amigurumi #amigurumilove         ;"Crocheting the Viral 
Anchor the Octopus 🐙 💙";2026-02-16 20:56:29;1771275389;no;no;no;no;no;Please Please Please - Instrumental;7381962340726786064;https://sf16-ies-music-sg.tiktokcdn.com/obj/tos-alisg-ve-2774/owQybz1Ii5PUBiO1sOoIgwAjjN1OA8B9WMZfsD;https://p77-sg.tiktokcdn.com/aweme/720x720/tos-alisg-v-2774/oMgA5Eo5mBAkG9UnCDBwDfgcFA2IQIfZytPSlu.jpeg;Sabrina Carpenter;https://webapp-sg.tiktok.com/27743668ba1a47ea336e1c91f88b656e/6a789d25/kmoat/mps/logo/v2/r/p/v12044gd0000d69o8rfog65udh0a8im0/98ac2992b8c54ac7944df714dbd6cd76/5ea0fa9679cc99ec5e55f33764c64d0b/mp4/main.mp4?a=1988&bti=ODszNWYuMDE6&&bt=0&eid=1281&ft=LrmapoKyD12Nv971jzIxRXk_HlBF-UjNSEopiX&mime_type=video_mp4&rc=cnF8b2hsc2d3SkBwaHIxaDFybndmOWc5ZTc6Zzc6ZDg7NTxmO0BpM2xka3g5cnVyOTMzZzczNEBjRl5Nc3FePmJKYSNvYF90aHFmOiM0YGFhLmMxNmAxYF82L142YSNqNS1hMmRjNTZhLS1kMS9zcw%3D%3D&definition=720p&du=20&item_id=7607569699492171022&l=20260807233026F40664CCC7F7C69054D3&logo_type=tiktok&ply_type=2&policy=eyJ2bSI6MiwiY2siOiJ0dF9jaGFpbl90b2tlbiJ9&user_text=littleyarn_01&btag=e000b8000;https://www.tiktok.com/@littleyarn_01/video/7607569699492171022;https://p16-common-sign.tiktokcdn.com/tos-useast5-p-0068-tx/o0EeFAREQDAfPQ8nGp3gIY2ISBFRlCkD45Jt68~tplv-tiktokx-origin.image?dr=14575&x-expires=1786287600&x-signature=hlpxonFxs5Su4ZNChykrE%2B4m%2B8E%3D&t=4d5b0474&ps=13740610&shp=81f88b70&shcp=43f4a2f9&idc=my2;170500;1927;15100;1700000;crochet,crochetplushie,crochetoctopusplushie,amigurumi,amigurumilove;crochet,crochetplushie,crochetoctopusplushie,amigurumi,amigurumilove;;;;
https://www.tiktok.com/search?q=#amigurumi&t=1786116607011;7668985437691596039;7668985437691596039;crochetwmin;crochetwmin;25000;586;374;https://p16-common-sign.tiktokcdn.com/tos-alisg-avt-0068/709199f514a8ae9a0b1bd7fcd058b197~tplv-tiktokx-cropcenter:100:100.jpeg?dr=14579&refresh_token=9b663cd5&x-expires=1786287600&x-signature=Dro278dQJuzRdwtSGR9nFZ8i%2BqQ%3D&t=4d5b0474&ps=13740610&shp=a5d48078&shcp=81f88b70&idc=my2;POV: Patrick is your new driving buddy. #crochetpattern #patrickstar #crochet #amigurumi #crochettutorial #crochetdesign #crochetlife #crochetideas #handmadebusiness #digitalpattern #etsyfinds #crochetproject #viral #fyp #tiktokmademebuyit;;2026-08-01 09:00:21;1785574821;no;no;no;no;no;original sound - crochetwmin;7668985480386120466;https://v16-webapp-prime.tiktok.com/video/tos/alisg/tos-alisg-v-27dcd7/o4BEvixTrN3bBVXCEfDAtwK3woiMAJAMJ1GiIV/?a=1988&bti=ODszNWYuMDE6&&bt=125&ft=GNDpcInz7ThBbzWGXq8Zmo&mime_type=audio_mpeg&rc=ZTozO2VoOTs3NTVnaTs1M0BpajxlanE5cjx1PDMzODU8NEA2XzUxMDVgX14xNDM1LTYyYSNeL3BvMmRzX2phLS1kMS1zcw%3D%3D&expire=1786120242&l=20260807233026F40664CCC7F7C69054D3&ply_type=3&policy=3&signature=0bcf9ecedf16afff8b79a8363e33fb81&tk=0&btag=e00078000;https://p16-common-sign.tiktokcdn.com/tos-alisg-avt-0068/709199f514a8ae9a0b1bd7fcd058b197~tplv-tiktokx-cropcenter:1080:1080.jpeg?dr=14579&refresh_token=4bb72e61&x-expires=1786287600&x-signature=vIazSE4w2yBLHTs8nAUlsOEeP6g%3D&t=4d5b0474&ps=13740610&shp=a5d48078&shcp=81f88b70&idc=my2;crochetwmin;;https://www.tiktok.com/@crochetwmin/video/7668985437691596039;https://p16-common-sign.tiktokcdn.com/tos-alisg-p-0037/oYtCtEfDgbACyWcFfAqVBAAwEgtzZbI7bZmBCU~tplv-tiktokx-origin.image?dr=14575&x-expires=1786287600&x-signature=At1Dq8GJLSY5PC5z6s1g4kHasW8%3D&t=4d5b0474&ps=13740610&shp=81f88b70&shcp=43f4a2f9&idc=my2;180000;326;68200;1600000;;;;;;
https://www.tiktok.com/search?q=#amigurumi&t=1786116607011;7665292286774889746;7665292286774889746;lovely.amigurumi;Lovely Amigurumi;43700;12;308;https://p16-common-sign.tiktokcdn.com/tos-alisg-avt-0068/5c68c4d004297c130dfdc65800ec5b77~tplv-tiktokx-cropcenter:100:100.jpeg?dr=14579&refresh_token=9a9cb270&x-expires=1786287600&x-signature=TL6t2ZNbQ2Bai9T6M5relGCnXz0%3D&t=4d5b0474&ps=13740610&shp=a5d48078&shcp=81f88b70&idc=my2;DIY Cute Crochet Bird Keychain 🧶✨ Create your own adorable bird keychain! 🧶 Perfect for handmade gifts. Which color should I make next? Comment below! ✨ #crochet #amigurumi #diycrafts #handmade #crochettutorial ;;2026-07-22 10:09:04;1784714944;no;no;no;no;no;Cute heartwarming song(1425147);7314369837715032065;https://sf16-ies-music-sg.tiktokcdn.com/obj/tos-alisg-ve-2774/okzlQg8XlGFWu7EeX7L2DzLg0awAeCJAYQeODI;https://p77-sg.tiktokcdn.com/aweme/720x720/tos-alisg-v-2774/17e63160fa4f48c181b3c5567b1b35aa.jpeg;sanusagi;https://webapp-sg.tiktok.com/76110d69a68c241cb40f96027375aa6f/6a789d1a/kmoat/mps/logo/v3/r/p/v14044g50000d9g9dbfog65qs9glgru0/ccf61c97087c40c4870a822212274e6d/aedd401f4c9328054eea0cb18183a08f/mp4/main.mp4?a=1988&bti=ODszNWYuMDE6&&bt=0&ft=LrmapoKyD12Nv971jzIxRXk_HlBF-UjNSEopiX&mime_type=video_mp4&rc=cnF8b2hsc2d3SkBwaHIxaDFybndmZ2g6NTU1ZDo3M2Y7OmY5ZkBpM3VvPHQ5cmU8PDMzODczNEBjRl5Nc3FePmJKYSNvYF90aHFmOiMzMS8uLzUtNWAxNC02LmNgYSNyZGRwMmRjYWRhLS1kMTFzcw%3D%3D&definition=720p&du=8&item_id=7665292286774889746&l=20260807233026F40664CCC7F7C69054D3&logo_type=tiktok_creator&ply_type=2&policy=eyJ2bSI6MiwiY2siOiJ0dF9jaGFpbl90b2tlbiJ9&sign_params=item_id%2Cuser_text&user_text=lovely.amigurumi&btag=e000b0000;https://www.tiktok.com/@lovely.amigurumi/video/7665292286774889746;https://p16-common-sign.tiktokcdn.com/tos-alisg-p-0037/oIm1MDBYIAAiWd6ofCAwIG0iFEgWY8btsr4Iql~tplv-tiktokx-origin.image?dr=14575&x-expires=1786287600&x-signature=pL0FmZpb%2BWn5gu8g9wqZ0A8V4jk%3D&t=4d5b0474&ps=13740610&shp=81f88b70&shcp=43f4a2f9&idc=my2;17500;114;3406;548800;crochet,amigurumi,diycrafts,handmade,crochettutorial;crochet,amigurumi,diycrafts,handmade,crochettutorial;;;;
https://www.tiktok.com/search?q=#amigurumi&t=1786116607011;7667584551429967122;7667584551429967122;crochetwmin;crochetwmin;25000;586;374;https://p16-common-sign.tiktokcdn.com/tos-alisg-avt-0068/709199f514a8ae9a0b1bd7fcd058b197~tplv-tiktokx-cropcenter:100:100.jpeg?dr=14579&refresh_token=9b663cd5&x-expires=1786287600&x-signature=Dro278dQJuzRdwtSGR9nFZ8i%2BqQ%3D&t=4d5b0474&ps=13740610&shp=a5d48078&shcp=81f88b70&idc=my2;Just Patrick... living his best life! #crochet #crochetpattern #patrickstar #starfish #amigurumi #crochettoy #cartooncrochet #hangingornament #crochetgift #handmade #crochetinspiration #yarnlove #cutecrochet #diy #crocheter;;2026-07-28 14:24:16;1785248656;no;no;no;no;no;original sound - crochetwmin;7667584599696001799;https://v16-webapp-prime.tiktok.com/video/tos/alisg/tos-alisg-v-27dcd7/oUBA35BMiAJJNuoRAEXyBA0KC37EEoAfw1FyXi/?a=1988&bti=ODszNWYuMDE6&&bt=125&ft=GNDpcInz7Th5bzWGXq8Zmo&mime_type=audio_mpeg&rc=MzxpZnE5cjdlPDMzODU8NEBpMzxpZnE5cjdlPDMzODU8NEBtNWsuMmRza2hhLS1kMS1zYSNtNWsuMmRza2hhLS1kMS1zcw%3D%3D&expire=1786120249&l=20260807233028424799DE9F670893BAE5&ply_type=3&policy=3&signature=c2aaa5069dda228b6cfa23468dfd590c&tk=0&btag=e00078000;https://p16-common-sign.tiktokcdn.com/tos-alisg-avt-0068/709199f514a8ae9a0b1bd7fcd058b197~tplv-tiktokx-cropcenter:1080:1080.jpeg?dr=14579&refresh_token=4bb72e61&x-expires=1786287600&x-signature=vIazSE4w2yBLHTs8nAUlsOEeP6g%3D&t=4d5b0474&ps=13740610&shp=a5d48078&shcp=81f88b70&idc=my2;crochetwmin;;https://www.tiktok.com/@crochetwmin/video/7667584551429967122;https://p19-common-sign.tiktokcdn.com/tos-alisg-p-0037/ooqAUnoO4CeELAFV0BFIUvhAAaClgqfBtruDEI~tplv-tiktokx-origin.image?dr=14575&x-expires=1786287600&x-signature=FqPxkJTWOvunizauiX0KeHa2Kxc%3D&t=4d5b0474&ps=13740610&shp=81f88b70&shcp=43f4a2f9&idc=my2;66700;229;22200;808900;;;;;Kyomi;
https://www.tiktok.com/search?q=#amigurumi&t=1786116607011;7381639194487065862;7381639194487065862;atelie.agulhamagica;Atelie Agulha Mágica;238;45;45;https://p16-common-sign.tiktokcdn.com/tos-maliva-avt-0068/150e84c06518c1d0ab83abe44555f4d5~tplv-tiktokx-cropcenter:100:100.jpeg?dr=14579&refresh_token=e4c6b14b&x-expires=1786287600&x-signature=p%2ByCdysy2aK5DHg6MtAisbw0OWA%3D&t=4d5b0474&ps=13740610&shp=a5d48078&shcp=81f88b70&idc=my2;"Duas opções fofíssimas para o seu Kit Safari 💛🤎 🎀 Medidas: Girafa 24cm aproximadamente; Leão 15cm aproximadamente. Para orçamento e mais informações, entre em contato!🥰 #crochet #foryou #fyp #amigurumi #kitsafari #safariamigurumi ";;2024-06-18 00:50:10;1718671810;no;no;no;no;no;BLUE;7369368914394007568;https://sf16-ies-music-sg.tiktokcdn.com/obj/tos-alisg-ve-2774/oczrzdqiMlDc4CKGCILIA5GhajFzTOeYQfeIgV;https://p77-sg.tiktokcdn.com/aweme/720x720/tos-alisg-v-2774/ooBraWvjN6U6TEYkAAEAiGI3CAoDZjXuAB39i.jpeg;Billie Eilish;https://webapp-sg.tiktok.com/151c9dbc7e4c79d477d0c5217d43a004/6a789d33/kmoat/mps/logo/v2/r/p/v09044g40000cpodfk7og65v6s6ejm80/c7e9394adffa4ce68c97360345eea4af/c818666d9d6305ada9a490a67db2970c/mp4/main.mp4?a=1988&bti=ODszNWYuMDE6&&bt=0&eid=1286&ft=LrmapoKyD12NvF71jzIxROO_QlBF-UjNSropiX&mime_type=video_mp4&rc=cnF8b2hsc2d3SkBwaHIxaDFybndmaTdoODY5OmY5ZmRpZDw8OkBpM3Bodnk5cm5nczMzNzczM0BjRl5Nc3FePmJKYSNvYF90aHFmOiNeXmIxLTA2NWIxY2ExMGJgYSM1ZzMzMmQ0Y2xgLS1kMTZzcw%3D%3D&definition=720p&du=29&item_id=7381639194487065862&l=20260807233028424799DE9F670893BAE5&logo_type=tiktok_m&ply_type=2&policy=eyJ2bSI6MiwiY2siOiJ0dF9jaGFpbl90b2tlbiJ9&user_text=atelie.agulhamagica&btag=e000b8000;https://www.tiktok.com/@atelie.agulhamagica/video/7381639194487065862;https://p16-common-sign.tiktokcdn.com/tos-maliva-p-0068/258d67849ab94ef99a24fb520c81816d_1718671813~tplv-tiktokx-origin.image?dr=14575&x-expires=1786287600&x-signature=HplpkH15mS8w0r3cZiadUaWYURI%3D&t=4d5b0474&ps=13740610&shp=81f88b70&shcp=43f4a2f9&idc=my2;656;9;228;51300;crochet,foryou,fyp,amigurumi,kitsafari,safariamigurumi;crochet,foryou,fyp,amigurumi,kitsafari,safariamigurumi;;;Kyomi;
https://www.tiktok.com/search?q=#amigurumi&t=1786116607011;7497518185235762450;7497518185235762450;moonlightcrochet.89;moonlightcrochet.89;9391;279;110;https://p16-common-sign.tiktokcdn.com/tos-alisg-avt-0068/a7003367f6b471fd1b9f52675dee7cf2~tplv-tiktokx-cropcenter:100:100.jpeg?dr=14579&refresh_token=d5a8acf7&x-expires=1786287600&x-signature=%2Fmy2beye06v1Wmf2%2B39ULJtIeBU%3D&t=4d5b0474&ps=13740610&shp=a5d48078&shcp=81f88b70&idc=my2;Jennie doll  Pattern by moonlightcrochet89 #crochet #crochetpattern #amigurumi #doll ;Jennie doll;2025-04-26 07:19:51;1745651991;no;no;no;no;no;nhạc nền - Bình Yên🌿;7329165624176134914;https://v16-webapp-prime.tiktok.com/video/tos/alisg/tos-alisg-v-27dcd7/osZTbA5rzELCD1EAbYUiUA7ZBvjwCAi2lCbAt/?a=1988&bti=ODszNWYuMDE6&&bt=125&ft=GNDpcInz7Th5bzWGXq8Zmo&mime_type=audio_mpeg&rc=ajZpdG85cm05cDMzODU8NEBpajZpdG85cm05cDMzODU8NEBlLXMyMmRrbm9gLS1kMS1zYSNlLXMyMmRrbm9gLS1kMS1zcw%3D%3D&expire=1786120289&l=20260807233028424799DE9F670893BAE5&ply_type=3&policy=3&signature=07cb3459189d4f50dedcc548fdfcfd7d&tk=0&btag=e00050000;https://p16-common-sign.tiktokcdn.com/tos-maliva-avt-0068/a2ccebfa5b39d028d33bc3fc16316306~tplv-tiktokx-cropcenter:1080:1080.jpeg?dr=14579&refresh_token=92cc3b09&x-expires=1786287600&x-signature=tcFtaSrCgP%2ByAxrZ2%2BmnQrXAGPw%3D&t=4d5b0474&ps=13740610&shp=a5d48078&shcp=81f88b70&idc=my2;Bình Yên🌿;https://v16-webapp-prime.tiktok.com/video/tos/alisg/tos-alisg-pve-0037c001/o4fdgQUDoBi69duFECaI9AIzEBaMfD6gZRERoN/?a=1988&bti=ODszNWYuMDE6&&bt=2059&ft=I~da4oKyD12NvF71jzIxROO_QlBF-UjNSropiX&mime_type=video_mp4&rc=aGgzZ2Q5OThoN2UzZTU2OkBpanhvdXc5cm07MzMzODczNEAzLV80Y2I2NmMxLi0yY181YSNzYjJgMmRjYjNhLS1kMTFzcw%3D%3D&expire=1786289439&l=20260807233028424799DE9F670893BAE5&ply_type=2&policy=2&signature=76cd89e2e13fb2e6cfc6d7566e10c8e7&tk=tt_chain_token&btag=e00070000;https://www.tiktok.com/@moonlightcrochet.89/video/7497518185235762450;https://p16-common-sign.tiktokcdn.com/tos-alisg-p-0037/ogejQI6me1bjY3yZ7GCXQe1EAMLjDQAQGdGoAI~tplv-tiktokx-origin.image?dr=14575&x-expires=1786287600&x-signature=n%2FMmuteoBiac48lhBeQK%2FsPDxbE%3D&t=4d5b0474&ps=13740610&shp=81f88b70&shcp=43f4a2f9&idc=my2;14000;189;1186;369600;crochet,crochetpattern,amigurumi,doll;crochet,crochetpattern,amigurumi,doll;;;Kyomi;
https://www.tiktok.com/search?q=#amigurumi&t=1786116607011;7529016258356956421;7529016258356956421;crochet.enlinea;Crochet y Amigurumi | CURSO;24900;260;257;https://p16-common-sign.tiktokcdn.com/tos-maliva-avt-0068/8150e74d8e5f50017622fb284ee6e77d~tplv-tiktokx-cropcenter:100:100.jpeg?dr=14579&refresh_token=c4d2a4d0&x-expires=1786287600&x-signature=5extTgwolmkA%2BEMdXh0XrgUEh8g%3D&t=4d5b0474&ps=13740610&shp=a5d48078&shcp=81f88b70&idc=my2;✨ El conejo perfecto que lo cambió todo… y cómo terminó ayudando a cientos de crocheteras. 🧶💕 Una clienta me pidió un amigurumi especial. Busqué patrones por todos lados, pero todos eran incompletos, confusos o en inglés. ¿Te suena? 😓 Así que hice algo distinto: creé mis propios patrones, fáciles, en español, y reuní más de 500 en un solo ebook. Y con eso, tejí el conejo que mi clienta amó para siempre. 🐰💖 Hoy, ese mismo ebook lo usan crocheteras que empezaron a vender, crear sin frustraciones y hacer amigurumis únicos con orgullo. ✨ 📚 Si querés empezar a vender, tener ideas infinitas para tejer, y sentirte segura de cada puntada, el link está en mi perfil. 🧵 🔥 No dejes pasar esta oportunidad. Porque ese conejo también puede ser el comienzo de tu historia. #crochet #amigurumi #amigurumis #ganchillo #tejido #croche #hechoamano #tejer #crocheterapia #crochetenespañol ;"🐰🥺 Una clienta me pidió un 
conejo amigurumi, y quería 
hacerlo perfecto para ella. 😭💔 Busqué en internet patrones
pero todo lo que encontraba era
incompleto o difícil de entender Entonces decidí crear mis
propios diseños en español y
con imágenes de apoyo 💎 ✅ Junté más de 500 patrones
completos en un libro digital. Así pude hacer esta hermosa
conejita que mi clienta amó 😍❤️ 💕💕💕 Si querés este o más patrones,
visitá el enlace en mi perfil.";2025-07-20 04:28:29;1752985709;no;no;no;no;no;Flowers;7236086424641980417;https://sf16-ies-music-sg.tiktokcdn.com/obj/tos-alisg-ve-2774/oIr1IDFLYIgehzOAe0an6xMYasx1GeFCgjsSZO;https://p16-sg.tiktokcdn.com/aweme/720x720/tos-alisg-v-2774/ooAUGpBJOAE9ji8OUt4izYrEMWxs3AAB7iAva.jpeg;SoundAudio;https://v16-webapp-prime.tiktok.com/video/tos/useast2a/tos-useast2a-pve-0068/okA4Iika2HUWBXBQuSEaBUEQmbTxcvHPDEiPQ/?a=1988&bti=ODszNWYuMDE6&&bt=1031&ft=I~da4oKyD12NvF71jzIxROO_QlBF-UjNSropiX&mime_type=video_mp4&rc=MzU1aGZoZTM2OTM8aTdkN0Bpaml1PHI5cmk5NDMzNzczM0AuNDMuMV5eX14xNDEzYTIyYSMwYC9eMmQ0cXJhLS1kMTZzcw%3D%3D&expire=1786289454&l=20260807233028424799DE9F670893BAE5&ply_type=2&policy=2&signature=26814ed72c7f9e9cf8c5792a12827104&tk=tt_chain_token&btag=e000b8000;https://www.tiktok.com/@crochet.enlinea/video/7529016258356956421;https://p16-common-sign.tiktokcdn.com/tos-maliva-p-0068/oka8PAIPGIUHUBSW5Di2ui9EIEckBvxQxb4Hx~tplv-tiktokx-origin.image?dr=14575&x-expires=1786287600&x-signature=NefCENDlKNO5YEaPVWoOZ9%2FPxC0%3D&t=4d5b0474&ps=13740610&shp=81f88b70&shcp=43f4a2f9&idc=my2;3691;81;660;213400;crochet,amigurumi,amigurumis,ganchillo,tejido,croche,hechoamano,tejer,crocheterapia,crochetenespañol;crochet,amigurumi,amigurumis,ganchillo,tejido,croche,hechoamano,tejer,crocheterapia,crochetenespañol;;;;
https://www.tiktok.com/search?q=#amigurumi&t=1786116607011;7416810909290581253;7416810909290581253;artenoape;Mayara Prado;40700;503;55;https://p19-common-sign.tiktokcdn.com/tos-alisg-avt-0068/12458f612816cbfdc2a03b23acf4ab33~tplv-tiktokx-cropcenter:100:100.jpeg?dr=14579&refresh_token=f92616a0&x-expires=1786287600&x-signature=%2BwT00Nlt2jKO6KVCcdqYU0QTAfE%3D&t=4d5b0474&ps=13740610&shp=a5d48078&shcp=81f88b70&idc=my2;"Ele chegou 💚 Mike Wazowski👁️  Anota aí: Pré-Venda Monstros SA dia 04 de outubro 🗓️ O e-book em PDF está em construção e os personagens que compõem esta coleção são:  - Mike Wazowski; - Sullivan; - Boo; - Bônus: roupa de monstro da Boo. ✨ O próximo personagem relevado será o Sulley 💙 ansiosos? ENG: The international pre-sale (spanish and english) is scheduled for October 4th. Save the date! ✨🤎 #amigurumi #amigurumibrasil #shrekamigurumi #toyart #monstersinc #monstersuniversity #monstrossa #mikewazowski #mikewazowskiamigurumi #pixaramigurumi #pixar #disney #disneyamigurumi #disneypixar #disneytoyart #geekcrochet #geekamigurumi #amigurumipatterns #amigurumipatrones ";;2024-09-20 19:34:29;1726860869;no;no;no;no;no;Monsters, Inc;6695137082433603585;https://sf16-ies-music-sg.tiktokcdn.com/obj/tos-alisg-ve-2774/o8xPZ8wUnQQrtFB3mBpFftxEY0DdrTC9PgfuKL;https://p77-sg.tiktokcdn.com/aweme/720x720/tos-alisg-v-2774/oQAAD2EEEBgndBpfZzFQnyCEeBwuCtCNDB8ZAu.jpeg;Gustav Lundgren & Unit;https://v16-webapp-prime.tiktok.com/video/tos/alisg/tos-alisg-ve-37c813-sg/o8swxZWEv3VuiA4inBB1OQUEiQSEF4EXEj6YI/?a=1988&bti=ODszNWYuMDE6&&bt=999&ft=I~da4oKyD12NvF71jzIxROO_QlBF-UjNSropiX&mime_type=video_mp4&rc=O2hmOTdnNTZlNGY1aGc0OUBpanJpO285cjd2dTMzNzczM0BiL19gYjJeNjIxNTA1M18uYSNeL2hsMmRrcGpgLS1kMTZzcw%3D%3D&expire=1786289466&l=20260807233028424799DE9F670893BAE5&ply_type=2&policy=2&signature=49708ed6de0d06646ec2d7930bb9eefc&tk=tt_chain_token&btag=e00088000;https://www.tiktok.com/@artenoape/video/7416810909290581253;https://p16-common-sign.tiktokcdn.com/tos-maliva-p-0068/e6e0fd21f54b476f8059c74e1d4823db_1726860871~tplv-tiktokx-origin.image?dr=14575&x-expires=1786287600&x-signature=MOEcgMiX3vYbXFnNeybB6FQVIcA%3D&t=4d5b0474&ps=13740610&shp=81f88b70&shcp=43f4a2f9&idc=my2;311900;909;24500;5800000;amigurumi,amigurumibrasil,shrekamigurumi,toyart,monstersinc,monstersuniversity,monstrossa,mikewazowski,mikewazowskiamigurumi,pixaramigurumi,pixar,disney,disneyamigurumi,disneypixar,disneytoyart,geekcrochet,geekamigurumi,amigurumipatterns,amigurumipatrones;amigurumi,amigurumibrasil,shrekamigurumi,toyart,monstersinc,monstersuniversity,monstrossa,mikewazowski,mikewazowskiamigurumi,pixaramigurumi,pixar,disney,disneyamigurumi,disneypixar,disneytoyart,geekcrochet,geekamigurumi,amigurumipatterns,amigurumipatrones;;;Kyomi;
https://www.tiktok.com/search?q=#amigurumi&t=1786116607011;7521786227557764374;7521786227557764374;geremyminigothsco;Mini Goth S Collection;46200;122;45;https://p16-common-sign.tiktokcdn.com/tos-maliva-avt-0068/7143949587120521222~tplv-tiktokx-cropcenter:100:100.jpeg?dr=14579&refresh_token=36dc6803&x-expires=1786287600&x-signature=RPC%2FVs4Iq9Q1sXSnFsKLdloUfl4%3D&t=4d5b0474&ps=13740610&shp=a5d48078&shcp=81f88b70&idc=my2;Ma version de Blanche neige ( grand format ) qu 'en pensez vous ???! ❤️🥰 #handemade #france #poupee #amigurumis #amigurumilove #amigurumi #dolls #crochettok #crochettiktok #crochetersoftiktok #crochet #blancheneige #disney #toys #toysoftiktok ;;2025-06-30 16:52:13;1751302333;no;no;no;no;no;LET'S GO;7398286867525552144;https://sf16-ies-music-sg.tiktokcdn.com/obj/tos-alisg-ve-2774/o46IvLCfgdY1ASsFqweGeG8mf5KL7mCAVQyaw8;https://p77-sg.tiktokcdn.com/aweme/720x720/tos-alisg-v-2774/o4FAmBIzvADEgjCzIPFtBPJYiQFfZriETAC6fA.jpeg;Jaden Bojsen & Sami Brielle;https://webapp-sg.tiktok.com/0ec769aa7f5b0c9dfd85d46b49212ca0/6a789d26/kmoat/mps/logo/v3/r/p/v24044gl0000d1hbvgvog65q7e1nepag/521509360d5a4e4885d61c9cfa4a4f49/c52118697da19504a309707d73bdba13/mp4/main.mp4?a=1988&bti=ODszNWYuMDE6&&bt=0&ft=LrmapoKyD12NvF71jzIxROO_QlBF-UjNSropiX&mime_type=video_mp4&rc=cnF8b2hsc2d3SkBwaHIxaDFybndmPGlkZGZmOTg7aGRnOTw4NUBpanNxaHQ5cmplNDMzbzczNUBjRl5Nc3FePmJKYSNvYF90aHFmOiMxMTFjNi5hNTExMi0wLS4yYSNeYi40MmRzc2VhLS1kMTFzcw%3D%3D&definition=720p&du=16&item_id=7521786227557764374&l=20260807233028424799DE9F670893BAE5&logo_type=tiktok_creator&ply_type=2&policy=eyJ2bSI6MiwiY2siOiJ0dF9jaGFpbl90b2tlbiJ9&sign_params=item_id%2Cuser_text&user_text=geremyminigothsco&btag=e000b8000;https://www.tiktok.com/@geremyminigothsco/video/7521786227557764374;https://p16-common-sign.tiktokcdn.com/tos-no1a-p-0037-no/ooAxAeePGLBQLACIziIwYiELxFIIezUAQlj9FA~tplv-tiktokx-origin.image?dr=14575&x-expires=1786287600&x-signature=puC8BlwwqliBPID6vh9AED1FJIQ%3D&t=4d5b0474&ps=13740610&shp=81f88b70&shcp=43f4a2f9&idc=my2;294000;2040;14800;1900000;handemade,france,poupee,amigurumis,amigurumilove,amigurumi,dolls,crochettok,crochettiktok,crochetersoftiktok,crochet,blancheneige,disney,toys,toysoftiktok;handemade,france,poupee,amigurumis,amigurumilove,amigurumi,dolls,crochettok,crochettiktok,crochetersoftiktok,crochet,blancheneige,disney,toys,toysoftiktok;;;Kyomi;
https://www.tiktok.com/search?q=#amigurumi&t=1786116607011;7441627777515687224;7441627777515687224;delicadeza_pontoaponto;Delicadeza Ponto a Ponto;50400;586;310;https://p16-common-sign.tiktokcdn.com/tos-maliva-avt-0068/d885ea28fed3776024a0fd6490a55995~tplv-tiktokx-cropcenter:100:100.jpeg?dr=14579&refresh_token=06aa8132&x-expires=1786287600&x-signature=jqDA15rHwqWk%2Fpws%2BzuNhsDs%2BnU%3D&t=4d5b0474&ps=13740610&shp=a5d48078&shcp=81f88b70&idc=my2;apaixonada pela ovelhinha 🥹🥹🥹 #ovelha #amigurumi #croch #crochet #fy #fyp #viral ;;2024-11-26 16:36:30;1732638990;no;no;no;no;no;som original;7254365858510703365;https://v16-webapp-prime.tiktok.com/video/tos/useast2a/tos-useast2a-v-27dcd7/oM1UebKsfQMJnTAEA02DCTBJrBr8ELbTkU9IAC/?a=1988&bti=ODszNWYuMDE6&&bt=126&ft=GNDpcInz7Th5bzWGXq8Zmo&mime_type=audio_mpeg&rc=M2RuNGc6Zm5kbDMzNzU8M0BpM2RuNGc6Zm5kbDMzNzU8M0BjczRlcjRvcmpgLS1kMTZzYSNjczRlcjRvcmpgLS1kMTZzcw%3D%3D&expire=1786120238&l=20260807233028424799DE9F670893BAE5&ply_type=3&policy=3&signature=3d53ea343a8746169d9681e3c1717d6f&tk=0&btag=e00070000;https://p16-common-sign.tiktokcdn.com/tos-maliva-avt-0068/ea4fed9ec85de90071df33606e35422d~tplv-tiktokx-cropcenter:1080:1080.jpeg?dr=14579&refresh_token=07f491f0&x-expires=1786287600&x-signature=g%2FqD8ybsJCP8Us9LVPgBqGAvWq0%3D&t=4d5b0474&ps=13740610&shp=a5d48078&shcp=81f88b70&idc=my2;queen of verdinhex 🍀👑;https://v16-webapp-prime.tiktok.com/video/tos/alisg/tos-alisg-pve-0037c001/o0frUs7BfOolIgEDFnmF8IWDCYBMiEjuifSAQC/?a=1988&bti=ODszNWYuMDE6&&bt=827&ft=I~da4oKyD12NvF71jzIxROO_QlBF-UjNSropiX&mime_type=video_mp4&rc=ZTtoZWZpZTVkNjg6aDc5ZkBpM2Z4ZHk5cmR5dzMzNzczM0BiYi5eM14zNjUxXy5eX2JgYSMzYTFyMmRzZS9gLS1kMTZzcw%3D%3D&expire=1786289438&l=20260807233028424799DE9F670893BAE5&ply_type=2&policy=2&signature=ad0b5c097823b3c8e3f868192771d250&tk=tt_chain_token&btag=e00070000;https://www.tiktok.com/@delicadeza_pontoaponto/video/7441627777515687224;https://p16-common-sign.tiktokcdn.com/tos-maliva-p-0068/oYgMKI6Ae8olDvwLYKgawLvC4fJJeA4fgeiCER~tplv-tiktokx-origin.image?dr=14575&x-expires=1786287600&x-signature=OWiZlJlJ4J38RrUXbLaARHwyiFQ%3D&t=4d5b0474&ps=13740610&shp=81f88b70&shcp=43f4a2f9&idc=my2;6574;144;331;99500;ovelha,amigurumi,croch,crochet,fy,fyp,viral;ovelha,amigurumi,croch,crochet,fy,fyp,viral;;;Kyomi;
https://www.tiktok.com/search?q=#amigurumi&t=1786116607011;7479497429104987414;7479497429104987414;peekabotoys;PeekaboToys;37800;621;735;https://p16-common-sign.tiktokcdn.com/tos-maliva-avt-0068/091f21df3177053db3fc88a5c7ffa3f2~tplv-tiktokx-cropcenter:100:100.jpeg?dr=14579&refresh_token=c2d426ce&x-expires=1786287600&x-signature=cNoRmxB1trRWF83IU5RZToN6Kx8%3D&t=4d5b0474&ps=13740610&shp=a5d48078&shcp=81f88b70&idc=my2;Cute bunny pattern available on etsy🥰 #crochet #amigurumi #bunny #plushies #crochetersoftiktok #amigurumis #toys ;;2025-03-08 17:50:04;1741456204;no;no;no;no;no;оригинальный звук;7031972236810570498;https://v16-webapp-prime.tiktok.com/video/tos/alisg/tos-alisg-v-27dcd7/8567985590364bc3a10421024501c81f/?a=1988&bti=ODszNWYuMDE6&&bt=124&ft=GNDpcInz7Th5bzWGXq8Zmo&mime_type=video_mp4&rc=amtlcjk6Zjc8OTMzODU8NEBpamtlcjk6Zjc8OTMzODU8NEAtM2FtcjRvX19gLS1kMS1zYSMtM2FtcjRvX19gLS1kMS1zcw%3D%3D&expire=1786120250&l=20260807233028424799DE9F670893BAE5&ply_type=3&policy=3&signature=59f99af9d45c63351aa3f6ba93dec9d2&tk=0&btag=e00078000;https://p16-common-sign.tiktokcdn.com/tos-alisg-avt-0068/317c395338f7effc9ce42f6bff14bd2e~tplv-tiktokx-cropcenter:1080:1080.jpeg?dr=14579&refresh_token=3594e29c&x-expires=1786287600&x-signature=md3vaG7%2Fe45csB2UlnLSKxb0Nsg%3D&t=4d5b0474&ps=13740610&shp=a5d48078&shcp=81f88b70&idc=my2;<3;https://webapp-sg.tiktok.com/738d84deb05cd0b009e64026ba2ce42c/6a789d25/kmoat/mps/logo/v2/r/p/v24044gl0000cv68607og65qcrlbnceg/4afebb2b5a504fb1bde53625e21a2963/7235ab384cab3beb62adc68cbf6ce2f8/mp4/main.mp4?a=1988&bti=ODszNWYuMDE6&&bt=0&eid=1286&ft=LrmapoKyD12NvF71jzIxROO_QlBF-UjNSropiX&mime_type=video_mp4&rc=cnF8b2hsc2d3SkBwaHIxaDFybndmNjxkNTg5OGc0aTNkZWVoZEBpamZldXQ5cjM7eTMzbzczNUBjRl5Nc3FePmJKYSNvYF90aHFmOiMzLy5iLzBiX18xMjIvX2MxYSNia2lgMmQ0MzNgLS1kMTFzcw%3D%3D&definition=720p&du=15&item_id=7479497429104987414&l=20260807233028424799DE9F670893BAE5&logo_type=tiktok_m&ply_type=2&policy=eyJ2bSI6MiwiY2siOiJ0dF9jaGFpbl90b2tlbiJ9&user_text=peekabotoys&btag=e000b8000;https://www.tiktok.com/@peekabotoys/video/7479497429104987414;https://p16-common-sign.tiktokcdn.com/tos-no1a-p-0037-no/oM7yqMMZEBAgLi6BAYvEuAsipqZ8dZID00PBB~tplv-tiktokx-origin.image?dr=14575&x-expires=1786287600&x-signature=GpThnLLzMEwqFoe5OfzBd6CGMZU%3D&t=4d5b0474&ps=13740610&shp=81f88b70&shcp=43f4a2f9&idc=my2;550;10;53;61000;crochet,amigurumi,bunny,plushies,crochetersoftiktok,amigurumis,toys;crochet,amigurumi,bunny,plushies,crochetersoftiktok,amigurumis,toys;;;;
https://www.tiktok.com/search?q=#amigurumi&t=1786116607011;7592695223151627538;7592695223151627538;andreia.fiosqueformam;Andreia Fios Que Formam;1016;139;52;https://p16-common-sign.tiktokcdn.com/tos-alisg-avt-0068/ea44c2c2e6f3dabf0ac7a01701c903d1~tplv-tiktokx-cropcenter:100:100.jpeg?dr=14579&refresh_token=373a5a58&x-expires=1786287600&x-signature=KjRvFHe5kNhXHQONeugVT%2BQiMYQ%3D&t=4d5b0474&ps=13740610&shp=a5d48078&shcp=81f88b70&idc=my2;Fofuxo. o Urso mais fofo 🩷  #ursofiodemalha  #ursoamigurumi ;;2026-01-07 18:55:19;1767812119;no;no;no;no;no;som original;7592695276514036501;https://v16-webapp-prime.tiktok.com/video/tos/alisg/tos-alisg-v-27dcd7/owCeJpAwXC8EUraxBCIA6pwfhQEgdFIDANQBAq/?a=1988&bti=ODszNWYuMDE6&&bt=125&ft=GNDpcInz7Th5bzWGXq8Zmo&mime_type=audio_mpeg&rc=M3czOm45cjtkODMzODU8NEBpM3czOm45cjtkODMzODU8NEAtYWVwMmRjbGNhLS1kMS1zYSMtYWVwMmRjbGNhLS1kMS1zcw%3D%3D&expire=1786120269&l=20260807233028424799DE9F670893BAE5&ply_type=3&policy=3&signature=8d824451fb6719b47f384cdc260d8b67&tk=0&btag=e00050000;https://p16-common-sign.tiktokcdn.com/tos-alisg-avt-0068/ea44c2c2e6f3dabf0ac7a01701c903d1~tplv-tiktokx-cropcenter:1080:1080.jpeg?dr=14579&refresh_token=60d847b3&x-expires=1786287600&x-signature=vY3o%2Fn67%2FfnsF7EyNyUsrC4bbew%3D&t=4d5b0474&ps=13740610&shp=a5d48078&shcp=81f88b70&idc=my2;Andreia Fios Que Formam;https://v16-webapp-prime.tiktok.com/video/tos/alisg/tos-alisg-pve-0037c001/okbnRpKYXwQEEXcfBAIy6kvfnRygCFQDgHUB2q/?a=1988&bti=ODszNWYuMDE6&&bt=1019&ft=I~da4oKyD12NvF71jzIxROO_QlBF-UjNSropiX&mime_type=video_mp4&rc=PDY6Ozc3aWQ7MzhkNWU2N0Bpanc1NWw5cnNkODMzODczNEAxY2EuYzUtXjIxNjJhXmNgYSNhNC4zMmRza2NhLS1kMTFzcw%3D%3D&expire=1786289469&l=20260807233028424799DE9F670893BAE5&ply_type=2&policy=2&signature=91542e603ea0048a306bd6243c0263b9&tk=tt_chain_token&btag=e00088000;https://www.tiktok.com/@andreia.fiosqueformam/video/7592695223151627538;https://p16-common-sign.tiktokcdn.com/tos-alisg-p-0037/o0zpQ8wGAAAkARUygIFqXrUDUf921BqEBECCeQ~tplv-tiktokx-origin.image?dr=14575&x-expires=1786287600&x-signature=EyNQQt%2B%2FMe2FiCwUU3BYu7U4A%2Fc%3D&t=4d5b0474&ps=13740610&shp=81f88b70&shcp=43f4a2f9&idc=my2;3174;193;203;39600;ursofiodemalha,ursoamigurumi;ursofiodemalha,ursoamigurumi;;;Kyomi;
https://www.tiktok.com/search?q=#amigurumi&t=1786116607011;7607115309866110229;7607115309866110229;_me_bf_;M E B F ✨;3346;11300;22;https://p16-common-sign.tiktokcdn.com/tos-maliva-avt-0068/ee435d4af6642812b03d6512e05bd923~tplv-tiktokx-cropcenter:100:100.jpeg?dr=14579&refresh_token=847eae39&x-expires=1786287600&x-signature=Ct%2FNj5x4YsEt5OdHE%2F%2B0FXvU7fU%3D&t=4d5b0474&ps=13740610&shp=a5d48078&shcp=81f88b70&idc=my2;#Sid #LaEraDelHielo #Crochet #Amigurumi ;;2026-02-15 15:32:44;1771169564;no;no;no;no;no;Yo y solo yo;7174181024568527621;https://v16-webapp-prime.tiktok.com/video/tos/useast2a/tos-useast2a-v-27dcd7/7c30a2b5aea148fcb443bdc4f850a5b7/?a=1988&bti=ODszNWYuMDE6&&bt=126&ft=GNDpcInz7Th5bzWGXq8Zmo&mime_type=audio_mpeg&rc=MzRudGU6ZmR2aDMzNzU8M0BpMzRudGU6ZmR2aDMzNzU8M0BuamQzcjRfczRgLS1kMTZzYSNuamQzcjRfczRgLS1kMTZzcw%3D%3D&expire=1786120243&l=20260807233028424799DE9F670893BAE5&ply_type=3&policy=3&signature=0c8f5772c40a1bd4c0b64adaee58cc80&tk=0&btag=e00070000;https://p19-common-sign.tiktokcdn.com/tos-maliva-avt-0068/b44e4f9d40ebbe9b33aa18a726277a94~tplv-tiktokx-cropcenter:1080:1080.jpeg?dr=14579&refresh_token=0eb07726&x-expires=1786287600&x-signature=T6BExVDW94%2B5UYyMzTsmP5bMNX8%3D&t=4d5b0474&ps=13740610&shp=a5d48078&shcp=81f88b70&idc=my2;Palas Xhapin, Daniel;https://webapp-sg.tiktok.com/e7933a51c4038d49774292787f91cdaa/6a789d23/kmoat/mps/logo/v3/r/p/v1c044g50000d68uc7nog65n5lbjad7g/6908831867a1404d97f02fdab4b94f4b/2455cf3d9e022f3648caff5c303bd5d6/mp4/main.mp4?a=1988&bti=ODszNWYuMDE6&&bt=0&ft=LrmapoKyD12NvF71jzIxROO_QlBF-UjNSropiX&mime_type=video_mp4&rc=cnF8b2hsc2d3SkBwaHIxaDFybndmZWk8N2RpMzpnMzQ6OzY7PEBpamdtb3E5cjp4OTMzODczNEBjRl5Nc3FePmJKYSNvYF90aHFmOiMxMV9fYS9jNjExXjMuNS0zYSM0Xl8yMmRrYDVhLS1kMWBzcw%3D%3D&definition=720p&du=14&item_id=7607115309866110229&l=20260807233028424799DE9F670893BAE5&logo_type=tiktok_creator&ply_type=2&policy=eyJ2bSI6MiwiY2siOiJ0dF9jaGFpbl90b2tlbiJ9&sign_params=item_id%2Cuser_text&user_text=_me_bf_&btag=e000b0000;https://www.tiktok.com/@_me_bf_/video/7607115309866110229;https://p16-common-sign.tiktokcdn.com/tos-alisg-p-0037/o08TIADOEDEEACeBfIAAIXAFueRVqaIcx9jj45~tplv-tiktokx-origin.image?dr=14575&x-expires=1786287600&x-signature=%2FEgI9INjjSvABWUmxt9ARNKIBHg%3D&t=4d5b0474&ps=13740610&shp=81f88b70&shcp=43f4a2f9&idc=my2;866900;2138;152900;12500000;sid,laeradelhielo,crochet,amigurumi;sid,laeradelhielo,crochet,amigurumi;;;Kyomi;
https://www.tiktok.com/search?q=#amigurumi&t=1786116607011;7653606602842328338;7653606602842328338;marioliveiraatelie;Mari Oliveira;40900;53700;157;https://p16-common-sign.tiktokcdn.com/tos-alisg-avt-0068/032056785121b220c05bc36b4881e1a6~tplv-tiktokx-cropcenter:100:100.jpeg?dr=14579&refresh_token=ea4d8c9d&x-expires=1786287600&x-signature=FNiwPKkvXf0OpgW1Es%2FcuH8bY1o%3D&t=4d5b0474&ps=13740610&shp=a5d48078&shcp=81f88b70&idc=my2;🦒#amigurumi #crochet ;"Mari Oliveira
ATELIÊ  💛Kit fofo💛
GIRAFINHA";2026-06-20 22:22:45;1781994165;no;no;no;no;no;sonido original;7640897849933908756;https://v16-webapp-prime.tiktok.com/video/tos/alisg/tos-alisg-v-27dcd7/oIFTT9oeUIgAoADe2CEL8AgII8GAs3Eq9AeaDn/?a=1988&bti=ODszNWYuMDE6&&bt=125&ft=GNDpcInz7Th5bzWGXq8Zmo&mime_type=audio_mpeg&rc=MzVzN3k5cjp4OzMzODU8NEBpMzVzN3k5cjp4OzMzODU8NEBuXnNfMmRrbDFhLS1kMS1zYSNuXnNfMmRrbDFhLS1kMS1zcw%3D%3D&expire=1786120249&l=20260807233028424799DE9F670893BAE5&ply_type=3&policy=3&signature=af298a097c34c4a506346788e69c8257&tk=0&btag=e00078000;https://p16-common-sign.tiktokcdn.com/tos-alisg-avt-0068/b2233ffe38482ece05340b1744dbb16a~tplv-tiktokx-cropcenter:1080:1080.jpeg?dr=14579&refresh_token=fcae52cc&x-expires=1786287600&x-signature=SmGn7CIhfynr479bPpWZrtSjEa4%3D&t=4d5b0474&ps=13740610&shp=a5d48078&shcp=81f88b70&idc=my2;耙ۣۖ▉──𝐍𝝠̸̷⵿ؗؗ𝐍𝝠̸̷;;https://www.tiktok.com/@marioliveiraatelie/video/7653606602842328338;https://p16-common-sign.tiktokcdn.com/tos-alisg-p-0037/osaABKjAc1BsirVEAS34OAy3EHEIAviYHn5sA~tplv-tiktokx-origin.image?dr=14575&x-expires=1786287600&x-signature=nCP6oZ8AOHEWdCFpWTuqYDQPvMs%3D&t=4d5b0474&ps=13740610&shp=81f88b70&shcp=43f4a2f9&idc=my2;2829;43;193;65200;amigurumi,crochet;amigurumi,crochet;;;Kyomi;
https://www.tiktok.com/search?q=#amigurumi&t=1786116607011;7670747521865583892;7670747521865583892;amiscroche;Amis Crochê ®️;7088;60;71;https://p16-common-sign.tiktokcdn.com/tos-alisg-avt-0068/086e0856230936a0f30b4d7d2c95f961~tplv-tiktokx-cropcenter:100:100.jpeg?dr=14579&refresh_token=02b051d4&x-expires=1786287600&x-signature=s7WgzriKQJ1gCg0X0XBvSJ2kpow%3D&t=4d5b0474&ps=13740610&shp=a5d48078&shcp=81f88b70&idc=my2;Rei Gaspar #amigurumi #crochet #croche #presepioamigurumi ;;2026-08-06 02:58:09;1785985089;no;no;no;no;no;Little Fairy;7567371665567565840;https://sf16-ies-music-sg.tiktokcdn.com/obj/tos-alisg-ve-2774/okYIudESQlhagMCCwJfGeDezUpFLaOXA0JhSYW;https://p77-sg.tiktokcdn.com/aweme/720x720/tos-alisg-v-2774/o0WioAa626wAYA2mq2EAAxvQrAEriiBAu2USE.jpeg;Fairygarden;;https://www.tiktok.com/@amiscroche/video/7670747521865583892;https://p16-common-sign.tiktokcdn.com/tos-alisg-p-0037/osQknUWIXCf6IAjNkSQA7FEDZeDpN5GS7fktE4~tplv-tiktokx-origin.image?dr=14575&x-expires=1786287600&x-signature=av6DkVaobQU2UFuvaAQe5EQLoY8%3D&t=4d5b0474&ps=13740610&shp=81f88b70&shcp=43f4a2f9&idc=my2;619;11;38;6519;amigurumi,crochet,croche,presepioamigurumi;amigurumi,crochet,croche,presepioamigurumi;;;Kyomi;
https://www.tiktok.com/search?q=#amigurumi&t=1786116607011;7638406223276068104;7638406223276068104;amiguri.candy;Amiguri Candy;1128;2209;84;https://p16-common-sign.tiktokcdn.com/tos-alisg-avt-0068/d761159b890d850f4c39dd2c5b11c58a~tplv-tiktokx-cropcenter:100:100.jpeg?dr=14579&refresh_token=2e1a5fd6&x-expires=1786287600&x-signature=jZ11NTlhdOjsm6172jXgIyZwKbw%3D&t=4d5b0474&ps=13740610&shp=a5d48078&shcp=81f88b70&idc=my2;Oiii vem montar uma sacolinha de amigurumi comigo? ✨ #amigurumi #fy #preparandopedidos #amigurumibrasil #amigurumilove ;;2026-05-10 23:17:26;1778455046;no;no;no;no;no;"nhạc nền - ɗat""yro💞";7599206334940187413;https://v16-webapp-prime.tiktok.com/video/tos/alisg/tos-alisg-v-27dcd7/oUAA8eEIIBgpnIdfxmFQrtDjE8375UC4DBcJAg/?a=1988&bti=ODszNWYuMDE6&&bt=125&ft=GNDpcInz7ThbbzWGXq8Zmo&mime_type=audio_mpeg&rc=M3hxOWo5cnN2ODMzODU8NEBpM3hxOWo5cnN2ODMzODU8NEAuMDRiMmRzb25hLS1kMS1zYSMuMDRiMmRzb25hLS1kMS1zcw%3D%3D&expire=1786120806&l=202608072331008401B58383B00A3C8AA9&ply_type=3&policy=3&signature=e4e13da7e345a89f48731bdf77ffd5dc&tk=0&btag=e00060000;https://p16-common-sign.tiktokcdn.com/tos-alisg-avt-0068/3e49ddbbe2711538de98c604dc214491~tplv-tiktokx-cropcenter:1080:1080.jpeg?dr=14579&refresh_token=f6e1f928&x-expires=1786287600&x-signature=UWOyW70Cluz%2FjtyDRlFrKR0rBws%3D&t=4d5b0474&ps=13740610&shp=a5d48078&shcp=81f88b70&idc=my2;KANAO;https://v16-webapp-prime.tiktok.com/video/tos/alisg/tos-alisg-pve-0037c001/oAAEDElnQjpEcSABGBqDfBiRFMAFgbRgfBUqI6/?a=1988&bti=ODszNWYuMDE6&&bt=2236&ft=-Csk_mrMPD12NzzDvn-UxQ4FWY6e3wv25XcAp&mime_type=video_mp4&rc=OGZnZ2k8OTU4OzlkM2VlaUBpajY6eW45cm1rOzMzODczNEAxYjI2LjFfNjExNjUuYGBjYSM1MjVsMmQ0Ly1hLS1kMWBzcw%3D%3D&expire=1786289575&l=202608072331008401B58383B00A3C8AA9&ply_type=2&policy=2&signature=3bd7f917fb075a379182a54190f16b2c&tk=tt_chain_token&btag=e00050000;https://www.tiktok.com/@amiguri.candy/video/7638406223276068104;https://p19-common-sign.tiktokcdn.com/tos-alisg-p-0037/o8BEIYBgTVBAxRji9EyaRXAYEgFEBEi0POIsQ~tplv-tiktokx-origin.image?dr=14575&x-expires=1786287600&x-signature=%2FZrNDje1rojOQ7oqUVv8mKx61Cg%3D&t=4d5b0474&ps=13740610&shp=81f88b70&shcp=43f4a2f9&idc=my2;214;9;4;3071;amigurumi,fy,preparandopedidos,amigurumibrasil,amigurumilove;amigurumi,fy,preparandopedidos,amigurumibrasil,amigurumilove;;;;
https://www.tiktok.com/search?q=#amigurumi&t=1786116607011;7667689645748063509;7667689645748063509;amigurumiicroche;Amigurumis;847;666;53;https://p16-common-sign.tiktokcdn.com/tos-alisg-avt-0068/640833a2951fde685668f8f4a35c924b~tplv-tiktokx-cropcenter:100:100.jpeg?dr=14579&refresh_token=ae399dd0&x-expires=1786287600&x-signature=09GGJK1rKt%2F%2F01AvDdAbi5OyqLM%3D&t=4d5b0474&ps=13740610&shp=a5d48078&shcp=81f88b70&idc=my2;Patinho mais fofo que você vai ver na sua telinha. 🦢❤️✨️ Inspiração Pinterest  #fyp #foryoupage #cute #crochet #amigurumi ;;2026-07-28 21:12:04;1785273124;no;no;no;no;no;Pixel Blanket;7667607229655713798;https://sf16-ies-music-sg.tiktokcdn.com/obj/tos-alisg-ve-2774/oMQfIzCUa0RoDLvnhqbGQAWaE5BeF5eilYzEIa;https://p77-sg.tiktokcdn.com/aweme/720x720/tos-alisg-v-2774/ochp3Bf5hNEAS0sBWMQhE2iilmAjA1oJBUAGAO.jpeg;Brick Walker;https://v16-webapp-prime.tiktok.com/video/tos/alisg/tos-alisg-pve-0037c001/o0ZV6pE4KiRAazYJB0CGdk4mIyiBxHYlQaAvE/?a=1988&bti=ODszNWYuMDE6&&bt=589&ft=-Csk_mrMPD12NzzDvn-UxQ4FWY6e3wv25XcAp&mime_type=video_mp4&rc=N2QzODdoaTlnOmdnaDlkN0BpanJqcGw5cmRrPDMzODczNEAtMzEyNTE0XzAxLmMtLmMuYSMxYzNgMmRraGhhLS1kMTFzcw%3D%3D&expire=1786289495&l=202608072331008401B58383B00A3C8AA9&ply_type=2&policy=2&signature=0b069c33e1febaababafeb37562faa2c&tk=tt_chain_token&btag=e00050000;https://www.tiktok.com/@amigurumiicroche/video/7667689645748063509;https://p16-common-sign.tiktokcdn.com/tos-alisg-p-0037/oUZAVYhAIGmiaKIBJ0yiE0PvVBYAHKkqyap4x~tplv-tiktokx-origin.image?dr=14575&x-expires=1786287600&x-signature=M3coCey69VPrGVmoaGFiVNeQ%2FWo%3D&t=4d5b0474&ps=13740610&shp=81f88b70&shcp=43f4a2f9&idc=my2;392;9;87;4600;fyp,foryoupage,cute,crochet,amigurumi;fyp,foryoupage,cute,crochet,amigurumi;;;;
https://www.tiktok.com/search?q=#amigurumi&t=1786116607011;7485830227885690167;7485830227885690167;xarcanj0x;Raquel Arcanjo;509;11600;11;https://p16-common-sign.tiktokcdn.com/tos-maliva-avt-0068/09ee760665cf5d1173c86693404bf790~tplv-tiktokx-cropcenter:100:100.jpeg?dr=14579&refresh_token=fca57a25&x-expires=1786287600&x-signature=vL%2FG%2BnN0iXcz%2FzmLUmiLCFG4as4%3D&t=4d5b0474&ps=13740610&shp=a5d48078&shcp=81f88b70&idc=my2;minha irmã arrasa!!  #hellokitty #amigurumi #fyp ;eu vendo qualquer coisa da hello kitty 🥹;2025-03-25 19:24:38;1742930678;no;no;no;no;no;MEU DEUS EU QUERO;7470304308735937335;https://v16-webapp-prime.tiktok.com/video/tos/useast2a/tos-useast2a-v-27dcd7/okEiaJE6CijOQiSwA2AvIUiMC3BBowAZr6lPA/?a=1988&bti=ODszNWYuMDE6&&bt=125&ft=GNDpcInz7ThbbzWGXq8Zmo&mime_type=audio_mpeg&rc=M2ozdHQ5cmh3eDMzNzU8M0BpM2ozdHQ5cmh3eDMzNzU8M0BlbS4xMmQ0aGlgLS1kMTZzYSNlbS4xMmQ0aGlgLS1kMTZzcw%3D%3D&expire=1786120278&l=202608072331008401B58383B00A3C8AA9&ply_type=3&policy=3&signature=7162830c433935147793ebdf92c79e60&tk=0&btag=e00078000;https://p16-common-sign.tiktokcdn.com/tos-alisg-avt-0068/b3fbc7470b665013e24b863ba8fbecb4~tplv-tiktokx-cropcenter:1080:1080.jpeg?dr=14579&refresh_token=bc3aa425&x-expires=1786287600&x-signature=tRzwBq0%2BJ%2FqPBwufDXoxmiN3KcI%3D&t=4d5b0474&ps=13740610&shp=a5d48078&shcp=81f88b70&idc=my2;joão rodrigo;https://webapp-sg.tiktok.com/51b99654cb1aad6593756617f579ea14/6a789d41/kmoat/mps/logo/v2/r/p/v09044g40000cvhg407og65pok77p490/72bedfd98f424a30b375f2cb7c9aa8aa/9021efd99b84e167ce207652347a0d90/mp4/main.mp4?a=1988&bti=ODszNWYuMDE6&&bt=0&eid=1286&ft=bLZkAmrMPD12NzzDvn-UxQ4FWY6e3wv25XcAp&mime_type=video_mp4&rc=cnF8b2hsc2d3SkBwaHIxaDFybndmZDtkZmU1ODYzZDVpPGloNUBpMzc6bnM5cjNqeTMzNzczM0BjRl5Nc3FePmJKYSNvYF90aHFmOiNeXjY0YGM0XzAxMTVhYV80YSM2bTRsMmQ0MWVgLS1kMTZzcw%3D%3D&definition=720p&du=14&item_id=7485830227885690167&l=202608072331008401B58383B00A3C8AA9&logo_type=tiktok_m&ply_type=2&policy=eyJ2bSI6MiwiY2siOiJ0dF9jaGFpbl90b2tlbiJ9&user_text=xarcanj0x&btag=e000b0000;https://www.tiktok.com/@xarcanj0x/video/7485830227885690167;https://p16-common-sign.tiktokcdn.com/tos-maliva-p-0068/oIsLSAJDnCA2f7VFEAAwWAE2EBGjf4SQKRIvD0~tplv-tiktokx-origin.image?dr=14575&x-expires=1786287600&x-signature=E40GyisxnpTehGmXTCQlTX0Obz0%3D&t=4d5b0474&ps=13740610&shp=81f88b70&shcp=43f4a2f9&idc=my2;2018;74;172;36600;hellokitty,amigurumi,fyp;hellokitty,amigurumi,fyp;;;;
https://www.tiktok.com/search?q=#amigurumi&t=1786116607011;7564112900055518485;7564112900055518485;igrushki.22;@igrushki.22;3225;6691;18;https://p16-common-sign.tiktokcdn.com/tos-alisg-avt-0068/af0e7ae296c952f58d5fa98568027859~tplv-tiktokx-cropcenter:100:100.jpeg?dr=14579&refresh_token=cc595bdc&x-expires=1786287600&x-signature=74rsvPsFzsggSOTPfBKcoo1sH8I%3D&t=4d5b0474&ps=13740610&shp=a5d48078&shcp=81f88b70&idc=my2;Christmas tree decorations🎄❤️ #crochetpattern #christmasdecor #amigurumiscrochet #christmascrochet #amigurumilove ;;2025-10-22 18:21:24;1761157284;no;no;no;no;no;Christmas standard song;6817443890623154178;https://sf16-ies-music-sg.tiktokcdn.com/obj/tos-alisg-ve-2774/c594451045fd4dc5902c55d15d349f47;https://p77-sg.tiktokcdn.com/aweme/720x720/tos-alisg-v-2774/06253f7e3356473ea173d153b87e9066.jpeg;3KTrack;https://webapp-sg.tiktok.com/9a04fe0e6815aac9fc3138d3d60e2981/6a789d44/kmoat/mps/logo/v2/r/p/v14044g50000d3sht6vog65tvdknnqlg/0124e3b882cc4ee9b1e0812cb2bf1f94/d5401f36d824b84f0b4e17cd6e0856bf/mp4/main.mp4?a=1988&bti=ODszNWYuMDE6&&bt=0&ft=bLZkAmrMPD12NzzDvn-UxQ4FWY6e3wv25XcAp&mime_type=video_mp4&rc=cnF8b2hsc2d3SkBwaHIxaDFybndmN2lpNWY0MzQ8aGY1OzY3NEBpanRxZ3c5cjlrNjMzODczNEBjRl5Nc3FePmJKYSNvYF90aHFmOiM2Ll9fLzViX2IxYDVfYi8tYSNpa2hzMmRzcXBhLS1kMTFzcw%3D%3D&definition=720p&du=16&item_id=7564112900055518485&l=202608072331008401B58383B00A3C8AA9&logo_type=tiktok&ply_type=2&policy=eyJ2bSI6MiwiY2siOiJ0dF9jaGFpbl90b2tlbiJ9&user_text=igrushki.22&btag=e000b8000;https://www.tiktok.com/@igrushki.22/video/7564112900055518485;https://p16-common-sign.tiktokcdn.com/tos-alisg-p-0037/oU05yXAIEGDAeoZFTUEeDRMIiASDjIAAEbgbfB~tplv-tiktokx-origin.image?dr=14575&x-expires=1786287600&x-signature=cWSiHawDAWtqUbrZ7bD5%2FvM3Klg%3D&t=4d5b0474&ps=13740610&shp=81f88b70&shcp=43f4a2f9&idc=my2;10300;187;2692;296700;crochetpattern,christmasdecor,amigurumiscrochet,christmascrochet,amigurumilove;crochetpattern,christmasdecor,amigurumiscrochet,christmascrochet,amigurumilove;;;;
https://www.tiktok.com/search?q=#amigurumi&t=1786116607011;7431755965843770630;7431755965843770630;liabubblescrochet;Lia Bubbles Crochet;5618;3;30;https://p19-common-sign.tiktokcdn.com/tos-maliva-avt-0068/e17e638937d1e48c3c70b17187da6857~tplv-tiktokx-cropcenter:100:100.jpeg?dr=14579&refresh_token=1f01337f&x-expires=1786287600&x-signature=pw0NFC3Vq0vrmpoboeviPh2ziKE%3D&t=4d5b0474&ps=13740610&shp=a5d48078&shcp=81f88b70&idc=my2;Ideia de lembrancinha 🩷✨ encomende as suas comigo! #amigurumi #crochê #croche #fy ;;2024-10-31 02:08:59;1730340539;no;no;no;no;no;APT.;7426810399384815632;https://sf16-ies-music-sg.tiktokcdn.com/obj/tos-alisg-ve-2774/ooHxBnfDQIxBZontIlGfpTy5PBxCgEccFO1OMg;https://p77-sg.tiktokcdn.com/aweme/720x720/tos-alisg-v-2774/ow55AhvBoEyOsFzW9lHyBpxePAwBliXAiAADEw.jpeg;ROSÉ & Bruno Mars;https://v16-webapp-prime.tiktok.com/video/tos/alisg/tos-alisg-pve-0037c001/oUItfDggSfALsIXWhPjUhReZyaGrCCnRWAkOki/?a=1988&bti=ODszNWYuMDE6&&bt=1495&ft=-Csk_mrMPD12NzzDvn-UxQ4FWY6e3wv25XcAp&mime_type=video_mp4&rc=aThkNGg8NDQ4ZDUzOWdpOUBpajhna3I5cmpldjMzNzczM0A1YGFfMmE1XmMxNGItMmA0YSMyX2dgMmRjamVgLS1kMTZzcw%3D%3D&expire=1786289510&l=202608072331008401B58383B00A3C8AA9&ply_type=2&policy=2&signature=e59f8298409ed3cda8938d52406afbcc&tk=tt_chain_token&btag=e00050000;https://www.tiktok.com/@liabubblescrochet/video/7431755965843770630;https://p16-common-sign.tiktokcdn.com/tos-maliva-p-0068/ocfnwrRcERDI2i2EO5FtBQHsBWfMQQBwrKHJyA~tplv-tiktokx-origin.image?dr=14575&x-expires=1786287600&x-signature=%2Bp7crAwW5VYShQM0D9XlTDYSwS0%3D&t=4d5b0474&ps=13740610&shp=81f88b70&shcp=43f4a2f9&idc=my2;4334;35;70;88300;amigurumi,crochê,croche,fy;amigurumi,crochê,croche,fy;;;;
https://www.tiktok.com/search?q=#amigurumi&t=1786116607011;7643642055498960136;7643642055498960136;hilonomadas;UniversoCreativoAMano;389;49;22;https://p16-common-sign.tiktokcdn.com/tos-alisg-avt-0068/ac61ec1f6cc87d991bc00ee23ca2cf1f~tplv-tiktokx-cropcenter:100:100.jpeg?dr=14579&refresh_token=a357952d&x-expires=1786287600&x-signature=m2o1nE1kFMYxFA%2BtKdSB20svYQM%3D&t=4d5b0474&ps=13740610&shp=a5d48078&shcp=81f88b70&idc=my2;¿Estás buscando tu próximo proyecto de crochet?  Mira la ternura de este gatito gris. No hay nada más terapéutico y relajante que ver cómo un par de hilos cobran vida en tus manos. En nuestro catálogo digital contamos con más de 60 patrones de mascotas 100% en español, detallados paso a paso con imágenes de apoyo y una lista exacta de materiales para que tus piezas queden estéticamente perfectas. #amigurumi #crochet #patronesamigurumi #patronescrochet;;2026-05-25 01:55:06;1779674106;no;no;no;no;no;sonido original - Hilonomada;7643642083529739015;https://v16-webapp-prime.tiktok.com/video/tos/alisg/tos-alisg-v-27dcd7/osRnJ6kBqIQAUABpVBEFJAvEIODAczCB8gfEf5/?a=1988&bti=ODszNWYuMDE6&&bt=125&ft=GNDpcInz7ThbbzWGXq8Zmo&mime_type=audio_mpeg&rc=Mzt2Om45cnl0OzMzODU8NEBpMzt2Om45cnl0OzMzODU8NEBtLjFrMmQ0azZhLS1kMS1zYSNtLjFrMmQ0azZhLS1kMS1zcw%3D%3D&expire=1786120270&l=202608072331008401B58383B00A3C8AA9&ply_type=3&policy=3&signature=0e87ec3a900cff5f922f68ed39ca1452&tk=0&btag=e00070000;https://p16-common-sign.tiktokcdn.com/tos-alisg-avt-0068/ac61ec1f6cc87d991bc00ee23ca2cf1f~tplv-tiktokx-cropcenter:1080:1080.jpeg?dr=14579&refresh_token=54a821b8&x-expires=1786287600&x-signature=%2BHaTtC4g6jF%2FRprmxZ0masa9SjQ%3D&t=4d5b0474&ps=13740610&shp=a5d48078&shcp=81f88b70&idc=my2;UniversoCreativoAMano;https://webapp-sg.tiktok.com/e8184722308bf0f2e9f09dd538cb28ec/6a789d3e/kmoat/mps/logo/v2/r/p/v14025g50000d89qh7nog65losgnguj0/2c8ed92675cd4f2eaee4a100be24e679/989f94eda94054dc71dcaeed59f7f52e/mp4/main.mp4?a=1988&bti=ODszNWYuMDE6&&bt=0&ft=bLZkAmrMPD12NzzDvn-UxQ4FWY6e3wv25XcAp&mime_type=video_mp4&rc=cnF8b2hsc2d3SkBwaHIxaDFybndmPDk3aDM0N2hoaWc4OTxoZkBpM3hxdm85cjp0OzMzODgzNEBjRl5Nc3FePmJKYSNvYF90aHFmOiM0Yi9fLV5iXi8xYDQvYTUvYSNnZGRsMmRrZTZhLS1kLzFzcw%3D%3D&definition=720p&du=10&item_id=7643642055498960136&l=202608072331008401B58383B00A3C8AA9&logo_type=tiktok&ply_type=2&policy=eyJ2bSI6MiwiY2siOiJ0dF9jaGFpbl90b2tlbiJ9&user_text=hilonomadas&btag=e000b0000;https://www.tiktok.com/@hilonomadas/video/7643642055498960136;https://p16-common-sign.tiktokcdn.com/tos-alisg-p-0037/oAAGffGNLAenTVntAWP2AJQJIabIQQAeAoqqsI~tplv-tiktokx-origin.image?dr=14575&x-expires=1786287600&x-signature=M691lqKJDPCS3oTJt2jumsFpUMs%3D&t=4d5b0474&ps=13740610&shp=81f88b70&shcp=43f4a2f9&idc=my2;1828;89;704;81200;amigurumi,crochet,patronesamigurumi,patronescrochet;amigurumi,crochet,patronesamigurumi,patronescrochet;;;;
https://www.tiktok.com/search?q=#amigurumi&t=1786116607011;7427557414360124677;7427557414360124677;amilunecroche;Ami Lune Crochê;740;8682;123;https://p16-common-sign.tiktokcdn.com/tos-alisg-avt-0068/d89c842f406c3629a26a4c693eb0d137~tplv-tiktokx-cropcenter:100:100.jpeg?dr=14579&refresh_token=1890afb5&x-expires=1786287600&x-signature=GcVG2A7gYr%2B0p7KuIjw%2BAIES5ps%3D&t=4d5b0474&ps=13740610&shp=a5d48078&shcp=81f88b70&idc=my2;Boneca Merida🧡 Disponível para encomendas a partir do dia 08/11 R$280+frete(via pix) Aproximadamente 35cm de comprimento  Enchimento de fibra siliconada hipoalergênica Padrão e vídeo: @meu.atelie.croche(na rede vizinha) vídeo/fotos usados apenas para fins ilustrativos🧡 #feitoamao #amigurumi #merida #boneca #ruiva #crochet #knitting  #knittingtiktok #crochetaddiction #crochetcommunity #coquetteaesthetic #crochettok #crochettutorial #crochetideas #crochetersoftiktok #coisasparacrochê;;2024-10-19 18:36:24;1729362984;no;no;no;no;no;Um Mundo Ideal Melim;7142578590260644613;https://v16-webapp-prime.tiktok.com/video/tos/useast2a/tos-useast2a-v-27dcd7/747dbeae79794152a66a07ca52a0ca09/?a=1988&bti=ODszNWYuMDE6&&bt=126&ft=GNDpcInz7ThbbzWGXq8Zmo&mime_type=audio_mp4&rc=M25pOjw6ZnNyZjMzNzU8M0BpM25pOjw6ZnNyZjMzNzU8M0BjMzI1cjQwZmNgLS1kMTZzYSNjMzI1cjQwZmNgLS1kMTZzcw%3D%3D&expire=1786120373&l=202608072331008401B58383B00A3C8AA9&ply_type=3&policy=3&signature=f144ed001e2028c9b73bfceb2a53944e&tk=0&btag=e00050000;https://p16-common-sign.tiktokcdn.com/tos-maliva-avt-0068/73d4280b75ff6be48b631cdf141a90c9~tplv-tiktokx-cropcenter:1080:1080.jpeg?dr=14579&refresh_token=022c2ed8&x-expires=1786287600&x-signature=ky4XsxUgyJeE1f8%2BAO9p9YDBi6o%3D&t=4d5b0474&ps=13740610&shp=a5d48078&shcp=81f88b70&idc=my2;mavi 🧞‍♀️;https://webapp-sg.tiktok.com/e5ca917e652f492deb5481cc02727ba9/6a789d53/kmoat/mps/logo/v2/r/p/v09044g40000cs9vjjnog65robhj2bl0/8fea1d09b8474ad38fb0a3290dae217c/4fd691da9a1e1de28ef753d8e9559cdc/mp4/main.mp4?a=1988&bti=ODszNWYuMDE6&&bt=0&eid=1286&ft=bLZkAmrMPD12NzzDvn-UxQ4FWY6e3wv25XcAp&mime_type=video_mp4&rc=cnF8b2hsc2d3SkBwaHIxaDFybndmZjRoZzw2M2k2ZDo7PGdkaUBpM2VtZXU5cm15djMzNzczM0BjRl5Nc3FePmJKYSNvYF90aHFmOiM0L14tL15fNWExMV8tLmI1YSNpL2VsMmRrZzZgLS1kMTZzcw%3D%3D&definition=720p&du=31&item_id=7427557414360124677&l=202608072331008401B58383B00A3C8AA9&logo_type=tiktok_m&ply_type=2&policy=eyJ2bSI6MiwiY2siOiJ0dF9jaGFpbl90b2tlbiJ9&user_text=amilunecroche&btag=e00088000;https://www.tiktok.com/@amilunecroche/video/7427557414360124677;https://p16-common-sign.tiktokcdn.com/tos-maliva-p-0068/f97941d4f63149d79f51249b46b82555_1729362987~tplv-tiktokx-origin.image?dr=14575&x-expires=1786287600&x-signature=Hut13Nj%2FnqVcm8h5QdCwKHQ2DBg%3D&t=4d5b0474&ps=13740610&shp=81f88b70&shcp=43f4a2f9&idc=my2;2410;62;461;106000;feitoamao,amigurumi,merida,boneca,ruiva,crochet,knitting,knittingtiktok,crochetaddiction,crochetcommunity,coquetteaesthetic,crochettok,crochettutorial,crochetideas,crochetersoftiktok,coisasparacrochê;feitoamao,amigurumi,merida,boneca,ruiva,crochet,knitting,knittingtiktok,crochetaddiction,crochetcommunity,coquetteaesthetic,crochettok,crochettutorial,crochetideas,crochetersoftiktok,coisasparacrochê;;;;
https://www.tiktok.com/search?q=#amigurumi&t=1786116607011;7594513516388781323;7594513516388781323;vales.crochet.01;Vale's Crochet;13900;59800;134;https://p16-common-sign.tiktokcdn.com/tos-maliva-avt-0068/6c8136599aaea371a5fffc0e5a1384cc~tplv-tiktokx-cropcenter:100:100.jpeg?dr=14579&refresh_token=cffe7e2b&x-expires=1786287600&x-signature=QMXTV5KgAcykZVzzSRc1otIII1w%3D&t=4d5b0474&ps=13740610&shp=a5d48078&shcp=81f88b70&idc=my2;New tutorial on my YouTube channel, link in my bio✨️🏴‍☠️🧶 #onepiece #luffy #costarica #amigurumi #crochet ;@Vale's_crochet_01 ;2026-01-12 16:31:18;1768235478;no;no;no;no;no;Originalton;7590121612479941398;https://v16-webapp-prime.tiktok.com/video/tos/no1a/tos-no1a-v-2370-no/ocf2VCmOYkAmjEEpBVFfFBgFshUAdkEEJADkUp/?a=1988&bti=ODszNWYuMDE6&&bt=125&ft=GNDpcInz7ThbbzWGXq8Zmo&mime_type=audio_mpeg&rc=M2ZoOmw5cnRyODMzbzU8NUBpM2ZoOmw5cnRyODMzbzU8NUBmYXAuMmRjYl5hLS1kMTFzYSNmYXAuMmRjYl5hLS1kMTFzcw%3D%3D&expire=1786120272&l=202608072331008401B58383B00A3C8AA9&ply_type=3&policy=3&signature=06a4adf449d822f5380d04185f9dcc55&tk=0&btag=e00070000;https://p16-common-sign.tiktokcdn.com/tos-useast2a-avt-0068-euttp/3636f3c82b7315ddb72eb48a80443280~tplv-tiktokx-cropcenter:1080:1080.jpeg?dr=14579&refresh_token=cfe8d0d6&x-expires=1786287600&x-signature=w9O23TBBm5B6uyDBV%2BVdBE5Fejg%3D&t=4d5b0474&ps=13740610&shp=a5d48078&shcp=81f88b70&idc=my2;￴ ￴ ￴ ￴ ￴ ￴￴￴￴ ￴ ￴ ￴ ￴￴ ￴ ￴ ￴;https://v16-webapp-prime.tiktok.com/video/tos/useast2a/tos-useast2a-pve-0068/o0QSdDZdIAJPvSgErBOE9yGC6QhRQeFDplBNEf/?a=1988&bti=ODszNWYuMDE6&&bt=1145&ft=-Csk_mrMPD12NzzDvn-Uxi-59Y6e3wv25WcAp&mime_type=video_mp4&rc=cnF8b2hsc2d3SkBwaHIxaDFybndmNmg8OmU8Mzg2Nzs7ZDc0aEBpMzw6c285cjZsODMzNzczM0BjRl5Nc3FePmJKYSNvYF90aHFmOiNfYF9jNS1jXl8xLzItLy9eYSMuZmhvMmRzMGZhLS1kMTZzcw%3D%3D&expire=1786289470&l=202608072331008401B58383B00A3C8AA9&ply_type=2&policy=2&signature=739f0b36d1df6978028f37e286da952b&tk=tt_chain_token&btag=e000b0000;https://www.tiktok.com/@vales.crochet.01/video/7594513516388781323;https://p16-common-sign.tiktokcdn.com/tos-maliva-p-0068/oshEOilPiURUdBWIBAQniiuABcaBAy0WrEI1A~tplv-tiktokx-origin.image?dr=14575&x-expires=1786287600&x-signature=Vu8Lj3PNr6IoXiVXRc8DChP04kw%3D&t=4d5b0474&ps=13740610&shp=81f88b70&shcp=43f4a2f9&idc=my2;8345;58;317;636100;onepiece,luffy,costarica,amigurumi,crochet;onepiece,luffy,costarica,amigurumi,crochet;;;;
https://www.tiktok.com/search?q=#amigurumi&t=1786116607011;7629052528067497238;7629052528067497238;peekabotoys;PeekaboToys;37800;621;735;https://p16-common-sign.tiktokcdn.com/tos-maliva-avt-0068/091f21df3177053db3fc88a5c7ffa3f2~tplv-tiktokx-cropcenter:100:100.jpeg?dr=14579&refresh_token=c2d426ce&x-expires=1786287600&x-signature=cNoRmxB1trRWF83IU5RZToN6Kx8%3D&t=4d5b0474&ps=13740610&shp=a5d48078&shcp=81f88b70&idc=my2;Let’s add some tiny eyelashes to Bloomy, the baby butterfly 🦋✨ Just a few stitches… and she comes to life 💫 Handmade with love, always.#amigurumi #crochet #crochetpattern ;;2026-04-15 18:20:17;1776277217;no;no;no;no;no;When Words Are Quiet;7567593859632007185;https://sf16-ies-music-sg.tiktokcdn.com/obj/tos-alisg-ve-2774/oE6oIqdmQElzWXrBYBptLDFBBYeVQwKfgC0FAZ;https://p77-sg.tiktokcdn.com/aweme/720x720/tos-alisg-v-2774/o4AcKQ6NPgcArfnMQIfA3fM3Xv8AVKeAAgfrAn.jpeg;mownply;https://webapp-sg.tiktok.com/d0100505e552140f4d54a2c03f11f2ce/6a789d48/kmoat/mps/logo/v2/r/p/v24044gl0000d7ftcq7og65rpn7fsqpg/2da57c2d2c1a4324adfbe47716d0fb80/70e255d06b59af52f04d0012a3d68760/mp4/main.mp4?a=1988&bti=ODszNWYuMDE6&&bt=0&eid=1286&ft=bLZkAmrMPD12NzzDvn-UxQ4FWY6e3wv25XcAp&mime_type=video_mp4&rc=cnF8b2hsc2d3SkBwaHIxaDFybndmM2UzOTo3ZWc3NmRmZ2Y4Z0BpanRpcXU5cnR3OjMzbzczNUBjRl5Nc3FePmJKYSNvYF90aHFmOiM1Y2EuNGJjXi8xLi8vNF4vYSNtcDRtMmQ0YGNhLS1kMTFzcw%3D%3D&definition=720p&du=21&item_id=7629052528067497238&l=202608072331008401B58383B00A3C8AA9&logo_type=tiktok_m&ply_type=2&policy=eyJ2bSI6MiwiY2siOiJ0dF9jaGFpbl90b2tlbiJ9&user_text=peekabotoys&btag=e000b8000;https://www.tiktok.com/@peekabotoys/video/7629052528067497238;https://p16-common-sign.tiktokcdn.com/tos-no1a-p-0037-no/o8NstbGfLAlffrfOANyoAUuiUlvQggAeAO1QoI~tplv-tiktokx-origin.image?dr=14575&x-expires=1786287600&x-signature=xgcUn%2FJ5NpSfFIfMPYswh26XevM%3D&t=4d5b0474&ps=13740610&shp=81f88b70&shcp=43f4a2f9&idc=my2;6910;57;538;165100;amigurumi,crochet,crochetpattern;amigurumi,crochet,crochetpattern;;;;
https://www.tiktok.com/search?q=#amigurumi&t=1786116607011;7577747179905993992;7577747179905993992;anjana.arte;anjana.arte;2724;328;68;https://p16-common-sign.tiktokcdn.com/tos-maliva-avt-0068/ab9597d7c3def918a853b204a64e8297~tplv-tiktokx-cropcenter:100:100.jpeg?dr=14579&refresh_token=54a9c732&x-expires=1786287600&x-signature=R5qEUbzolzeH0M%2B%2Fp26udic3ROg%3D&t=4d5b0474&ps=13740610&shp=a5d48078&shcp=81f88b70&idc=my2;Este michi rosa llegó a robarse corazones 🩷🐾 Tiernito, suave, perfecto para regalar o regalarte.💘✨ #amigurumi #crochetargentina #hechoamano #crochetlover #gatocrochet ;;2025-11-28 12:09:17;1764331757;no;no;no;no;no;sonido original;7106794919422987014;https://v16-webapp-prime.tiktok.com/video/tos/useast2a/tos-useast2a-v-27dcd7/34dd23cac46441c1b4c6c409d4eb5cd9/?a=1988&bti=ODszNWYuMDE6&&bt=103&ft=GNDpcInz7ThbbzWGXq8Zmo&mime_type=video_mp4&rc=M3M4dGc6ZnM5ZDMzNzU8M0BpM3M4dGc6ZnM5ZDMzNzU8M0BtMW9xcjRnZGRgLS1kMTZzYSNtMW9xcjRnZGRgLS1kMTZzcw%3D%3D&expire=1786120268&l=202608072331008401B58383B00A3C8AA9&ply_type=3&policy=3&signature=8f229b586beb6b9797561f7b65dea206&tk=0&btag=e00070000;https://p16-common-sign.tiktokcdn.com/tos-maliva-avt-0068/c08504e283b529dbba606fbd61cd9013~tplv-tiktokx-cropcenter:1080:1080.jpeg?dr=14579&refresh_token=8b8b50f5&x-expires=1786287600&x-signature=W10bFQuzIsQf3y%2ByyKG0g2a92M4%3D&t=4d5b0474&ps=13740610&shp=a5d48078&shcp=81f88b70&idc=my2;Chappie the poodle;https://webapp-sg.tiktok.com/6e3fd61b6a5c535f2aa4e92343de3086/6a789d3d/kmoat/mps/logo/v2/r/p/v1c044g50000d4kp08nog65kkmlhhfk0/e3491f28519d4ddcbd31183df7d7e32f/9f8a44829f5e34d724850eea0e54ae1a/mp4/main.mp4?a=1988&bti=ODszNWYuMDE6&&bt=0&ft=bLZkAmrMPD12NzzDvn-Uxi-59Y6e3wv25WcAp&mime_type=video_mp4&rc=cnF8b2hsc2d3SkBwaHIxaDFybndmaTY6Omc7NGdmZ2c0O2k8NkBpM2lrcG45cjtzNzMzODczNEBjRl5Nc3FePmJKYSNvYF90aHFmOiMvYmFjMC4wX2ExNjIvLjFiYSNoZWloMmRrLWhhLS1kMWBzcw%3D%3D&definition=720p&du=9&item_id=7577747179905993992&l=202608072331008401B58383B00A3C8AA9&logo_type=tiktok&ply_type=2&policy=eyJ2bSI6MiwiY2siOiJ0dF9jaGFpbl90b2tlbiJ9&user_text=anjana.arte&btag=e000b0000;https://www.tiktok.com/@anjana.arte/video/7577747179905993992;https://p16-common-sign.tiktokcdn.com/tos-alisg-p-0037/oQahBKhmEdzzYSAEHAvApkCM4iQA4iABA4nIT~tplv-tiktokx-origin.image?dr=14575&x-expires=1786287600&x-signature=V5vTWGNdJZeED05QefU6jHSydbc%3D&t=4d5b0474&ps=13740610&shp=81f88b70&shcp=43f4a2f9&idc=my2;14900;113;1080;1100000;amigurumi,crochetargentina,hechoamano,crochetlover,gatocrochet;amigurumi,crochetargentina,hechoamano,crochetlover,gatocrochet;;;;
https://www.tiktok.com/search?q=#amigurumi&t=1786116607011;7503214121626684703;7503214121626684703;wendycrochets;wendycrochets;61800;7591;146;https://p16-common-sign.tiktokcdn.com/tos-maliva-avt-0068/bf9d44ddf5df950db749d0af6543aaf3~tplv-tiktokx-cropcenter:100:100.jpeg?dr=14579&refresh_token=fb52283a&x-expires=1786287600&x-signature=PGydgIAiXV9sWNMmmxQGTWePuSU%3D&t=4d5b0474&ps=13740610&shp=a5d48078&shcp=81f88b70&idc=my2;crocheting a baby cow 🐮 pattern coming soon to my etsy! #crochet #amigurumi #crochetcow #crochetpattern #crochetplushie #crochetideas ;;2025-05-11 15:43:14;1746978194;no;no;no;no;no;original sound;7503214062298270494;https://v16-webapp-prime.tiktok.com/video/tos/maliva/tos-maliva-v-27dcd7c799-us/o0tgVDWEAfJ0AEUECBFoCxADAIVgAECZfMIUvn/?a=1988&bti=ODszNWYuMDE6&&bt=125&ft=GNDpcInz7ThbbzWGXq8Zmo&mime_type=audio_mpeg&rc=M2dseW05cjhmMzMzaTU8NEBpM2dseW05cjhmMzMzaTU8NEAxc3JkMmRjX2RhLS1kMTJzYSMxc3JkMmRjX2RhLS1kMTJzcw%3D%3D&expire=1786120275&l=202608072331008401B58383B00A3C8AA9&ply_type=3&policy=3&signature=bf3300df3856cf8ece1d61170422ba52&tk=0&btag=e00078000;https://p16-common-sign.tiktokcdn.com/tos-maliva-avt-0068/bf9d44ddf5df950db749d0af6543aaf3~tplv-tiktokx-cropcenter:1080:1080.jpeg?dr=14579&refresh_token=a599910e&x-expires=1786287600&x-signature=51KzZ2ZfmcMLz8GTpNj2%2BU6t2MY%3D&t=4d5b0474&ps=13740610&shp=a5d48078&shcp=81f88b70&idc=my2;wendycrochets;https://v16-webapp-prime.tiktok.com/video/tos/alisg/tos-alisg-ve-37c799-sg/oYPiaQAABiiYBDMnBBEIEQQLROruijFJv6CVu/?a=1988&bti=ODszNWYuMDE6&&bt=585&ft=-Csk_mrMPD12NzzDvn-UxQ4FWY6e3wv25XcAp&mime_type=video_mp4&rc=M2U4aTNmaTtpNjdoOTo4NEBpamVnO3Q5cjZmMzMzaTczNEAuYl80NC42XmIxLS8uYmEuYSMtLmU0MmQ0X2RhLS1kMTJzcw%3D%3D&expire=1786289475&l=202608072331008401B58383B00A3C8AA9&ply_type=2&policy=2&signature=879ab618e41712e5dc683b50719910ec&tk=tt_chain_token&btag=e000b8000;https://www.tiktok.com/@wendycrochets/video/7503214121626684703;https://p19-common-sign.tiktokcdn.com/tos-useast8-p-0068-tx2/o0ZGNBEWIAKIjcACwixiXCLAFEAIAAi60gBqbf~tplv-tiktokx-origin.image?dr=14575&x-expires=1786287600&x-signature=DVn5l%2FJXllCTnyBACp5BvTi2uTA%3D&t=4d5b0474&ps=13740610&shp=81f88b70&shcp=43f4a2f9&idc=my2;33500;165;3272;589200;crochet,amigurumi,crochetcow,crochetpattern,crochetplushie,crochetideas;crochet,amigurumi,crochetcow,crochetpattern,crochetplushie,crochetideas;;;;
https://www.tiktok.com/search?q=#amigurumi&t=1786116607011;7664932390082546965;7664932390082546965;knotwins.creation;knotwins 🧶;13100;5342;25;https://p16-common-sign.tiktokcdn.com/tos-alisg-avt-0068/dd90dc38bcd4651f8852025940685ae0~tplv-tiktokx-cropcenter:100:100.jpeg?dr=14579&refresh_token=1975cdab&x-expires=1786287600&x-signature=kREz2Td9cv3VOQu9R%2FNUJJnkZr0%3D&t=4d5b0474&ps=13740610&shp=a5d48078&shcp=81f88b70&idc=my2;it’s been a while 🫶🏻✨ #crochet #amigurumi #genshinimpact #honkaistarrail #handmade ;knotwins.creation;2026-07-21 10:52:29;1784631149;no;no;no;no;no;Yippe;7294615149762186030;https://v16-webapp-prime.tiktok.com/video/tos/maliva/tos-maliva-v-27dcd7c799-us/oAAA6EAb73lCyhtrT6EgBFOUJDdDPg3SeEfAZk/?a=1988&bti=ODszNWYuMDE6&&bt=125&ft=GNDpcInz7ThbbzWGXq8Zmo&mime_type=audio_mpeg&rc=MzdzdHU5cnB0bjMzZzU8NEBpMzdzdHU5cnB0bjMzZzU8NEBtZ2NnMmRzb3FgLS1kMS9zYSNtZ2NnMmRzb3FgLS1kMS9zcw%3D%3D&expire=1786120270&l=202608072331008401B58383B00A3C8AA9&ply_type=3&policy=3&signature=ff55985b63f8c50a336d5b36147382b1&tk=0&btag=e00070000;https://p16-common-sign.tiktokcdn.com/tos-maliva-avt-0068/2b70efd244bc9a41387175b4a4da3843~tplv-tiktokx-cropcenter:1080:1080.jpeg?dr=14579&refresh_token=3ce2e1de&x-expires=1786287600&x-signature=GtXz1XDzC2VEv4uUsdN7mXFfaBg%3D&t=4d5b0474&ps=13740610&shp=a5d48078&shcp=81f88b70&idc=my2;Mexx;;https://www.tiktok.com/@knotwins.creation/video/7664932390082546965;https://p16-common-sign.tiktokcdn.com/tos-alisg-p-0037/oAGQAImGj13QUATefLKv6p2O91VGICLX4i8DYe~tplv-tiktokx-origin.image?dr=14575&x-expires=1786287600&x-signature=%2Fo%2BMTyNrcxvCBi%2FcJiRIOwQGdcw%3D&t=4d5b0474&ps=13740610&shp=81f88b70&shcp=43f4a2f9&idc=my2;758;27;72;8315;crochet,amigurumi,genshinimpact,honkaistarrail,handmade;crochet,amigurumi,genshinimpact,honkaistarrail,handmade;;;;
https://www.tiktok.com/search?q=#amigurumi&t=1786116607011;7570121274823822613;7570121274823822613;juli20165;Juliene de Jesus;48700;7879;114;https://p16-common-sign.tiktokcdn.com/tos-maliva-avt-0068/9f789f9fe557a5c817ed0cfba06f5e79~tplv-tiktokx-cropcenter:100:100.jpeg?dr=14579&refresh_token=f9e1ccf6&x-expires=1786287600&x-signature=e1jwx2mwaGFIagIgz7kNVUpjD1c%3D&t=4d5b0474&ps=13740610&shp=a5d48078&shcp=81f88b70&idc=my2;Minnie amigurumi feita por mim 🥰 interessados chamar no privado ou no ZAP 64 999852425🥰;;2025-11-07 22:57:02;1762556222;no;no;no;no;no;I Love It Here;7538606170635864080;;https://p16-sign-sg.tiktokcdn.com/tos-alisg-v-2774/oohYaAeIzgteM3EehAAQ1IAPIFDRw7GY47vDLC~720x720.jpeg?lk3s=08d74b56&x-expires=1786138262&x-signature=zPUgykHTr2gEEUCHSVEBnxsS%2BXg%3D;DeeDee  Chipmunk;https://v16-webapp-prime.tiktok.com/video/tos/alisg/tos-alisg-pve-0037c001/oIAZ6EPOSDqoeqfzADCCQzMHFgDQoIfjVIz1cg/?a=1988&bti=ODszNWYuMDE6&&bt=1753&ft=-Csk_mrMPD12NWzDvn-UxnJ59Y6e3wv25LcAp&mime_type=video_mp4&rc=NTg5NDg2ODc1ZDkzZThpNkBpM293aHM5cnk6NzMzODczNEBeMzA2MF5eXjYxNC9eYzQ0YSM1bmBxMmRzZDRhLS1kMTFzcw%3D%3D&expire=1786289521&l=20260807233101720ED249F3E8443DAACF&ply_type=2&policy=2&signature=a6b427fb4c584e51b378a7d8b370d3c5&tk=tt_chain_token&btag=e00050000;https://www.tiktok.com/@juli20165/video/7570121274823822613;https://p16-common-sign.tiktokcdn.com/tos-alisg-p-0037/ogDcHoofQC6HOQEsUfjeI3zDQDjgPAqzH1A9FS~tplv-tiktokx-origin.image?dr=14575&x-expires=1786287600&x-signature=dUSMwFXHSHklFSZ6BKDK7HeXfy0%3D&t=4d5b0474&ps=13740610&shp=81f88b70&shcp=43f4a2f9&idc=my2;970;85;95;25900;;;;;;
https://www.tiktok.com/search?q=#amigurumi&t=1786116607011;7411506202825313568;7411506202825313568;apinchofcotton;apinchofcotton;1879;25;20;https://p19-common-sign.tiktokcdn.com/tos-useast2a-avt-0068-euttp/4c50c5f67d265d2260f8ea0b3bba46dd~tplv-tiktokx-cropcenter:100:100.jpeg?dr=14579&refresh_token=9888d7c1&x-expires=1786287600&x-signature=FCeONPw3F2sb35EOa3BORG4ssgs%3D&t=4d5b0474&ps=13740610&shp=a5d48078&shcp=81f88b70&idc=my2;Just a little, crochet banana who's showing-off! 🫣🍌😄 Pattern by me.  #crocheting #crochet #amigurumi #szydełkowanie #handmade ;aPinchOfCotton ;2024-09-06 12:29:30;1725625770;no;no;no;no;no;Banana;7395770822117935120;https://sf16-music-sign.tiktokcdn.com/obj/tos-alisg-ve-2774/owA8IiXS7qYhrDBAOUmZjAWOsYdMSdKCzMivn?lk3s=08d74b56&x-expires=1786138262&x-signature=sl%2FFnrWE56XJLNDdqQlSKelUY90%3D;https://p77-sign-sg.tiktokcdn.com/tos-alisg-v-2774/ooYPlVHLAFAXAzfzAQLc1IgG5enhVfBIDaCOoQ~720x720.jpeg?lk3s=08d74b56&x-expires=1786138262&x-signature=6P9VIaeQBbppsdt1JqyAYSdMpEs%3D;Okisho;https://v16-webapp-prime.tiktok.com/video/tos/no1a/tos-no1a-ve-68c710-no/o4WQ3zijDD62JP2140FuQRIERA1eglWfEEBm6v/?a=1988&bti=ODszNWYuMDE6&&bt=850&ft=-Csk_mrMPD12NWzDvn-UxnJ59Y6e3wv25LcAp&mime_type=video_mp4&rc=OTo1ZDQ6ZmQ7MzM2OzQ7OEBpM2ttbnQ5cm9pdTMzZjczM0A1NTIyX2JjXy8xLzE2YTEwYSNhamBpMmRrNWFgLS1kMWNzcw%3D%3D&expire=1786289485&l=20260807233101720ED249F3E8443DAACF&ply_type=2&policy=2&signature=119826e61bdc3b91bcb7538ede71751a&tk=tt_chain_token&btag=e000b8000;https://www.tiktok.com/@apinchofcotton/video/7411506202825313568;https://p16-common-sign.tiktokcdn.com/tos-useast2a-p-0037-euttp/08ef3277d7e649189b83d8529ea6806d_1725625773~tplv-tiktokx-origin.image?dr=14575&x-expires=1786287600&x-signature=tOFkqCkYSq5dXyolK6nfJB57%2Fyw%3D&t=4d5b0474&ps=13740610&shp=81f88b70&shcp=43f4a2f9&idc=my2;3731;229;5889;265600;crocheting,crochet,amigurumi,szydełkowanie,handmade;crocheting,crochet,amigurumi,szydełkowanie,handmade;;;;
https://www.tiktok.com/search?q=#amigurumi&t=1786116607011;7343359466299018501;7343359466299018501;branca.pizani;branca.pizani;4777;8745;4;https://p16-common-sign.tiktokcdn.com/tos-maliva-avt-0068/3406361cf317822770e47ea0a486330b~tplv-tiktokx-cropcenter:100:100.jpeg?dr=14579&refresh_token=e1eae18d&x-expires=1786287600&x-signature=a0fXt99v8J9y952ECbwXniK30RU%3D&t=4d5b0474&ps=13740610&shp=a5d48078&shcp=81f88b70&idc=my2;sempre assim 🥹  . #amigurumi #crochet #ursinhoscarinhosos #fypシ #fyp #trend #foryoupage #capcut ;;2024-03-06 21:05:16;1709759116;no;no;no;no;no;original sound;7265516884726942507;https://v16-webapp-prime.tiktok.com/video/tos/maliva/tos-maliva-ve-27dcd7c799-us/oU6UREe1sQntkOdC0UQgbmD6kbYUJVVDSgfEDB/?a=1988&bti=ODszNWYuMDE6&&bt=125&ft=GNDpcInz7ThJbzWGXq8Zmo&mime_type=audio_mpeg&rc=NGVpOjc0OGg5ZGdmOmc5ZEBpM3Bkbjo6Zjw3bTMzZzU8NEAyNWMvYF41XmExMWIxL19gYSMyZW1icjQwbl5gLS1kMS9zcw%3D%3D&expire=1786120322&l=20260807233101720ED249F3E8443DAACF&ply_type=3&policy=3&signature=b36a1e6ef34a7ee44eceac84f681e3d5&tk=0&btag=e00090000;https://p16-common-sign.tiktokcdn.com/tos-maliva-avt-0068/1ecedba04dc887aad08871b10aa9b4de~tplv-tiktokx-cropcenter:1080:1080.jpeg?dr=14579&refresh_token=a598d3b9&x-expires=1786287600&x-signature=7phdX7xD72ZCH54VFhTrUGfk5Nw%3D&t=4d5b0474&ps=13740610&shp=a5d48078&shcp=81f88b70&idc=my2;Our Awesome World 🌎;https://v16-webapp-prime.tiktok.com/video/tos/useast2a/tos-useast2a-pve-0068/osxWUAvZGkQKoiEyR9ifgAoqmc1U0FIEIDByCE/?a=1988&bti=ODszNWYuMDE6&&bt=1179&ft=-Csk_mrMPD12NWzDvn-UxnJ59Y6e3wv25LcAp&mime_type=video_mp4&rc=NDs0ZDZpMzhpNjxoZzpkZ0Bpajk1Zmw5cjVncTMzNzczM0AyMTNgNjFeNTExLzU1Yl9jYSMvc2EvMmRjaGhgLS1kMTZzcw%3D%3D&expire=1786289481&l=20260807233101720ED249F3E8443DAACF&ply_type=2&policy=2&signature=13c7979b0304dde3ed9e494e0b9ec845&tk=tt_chain_token&btag=e000b8000;https://www.tiktok.com/@branca.pizani/video/7343359466299018501;https://p16-common-sign.tiktokcdn.com/tos-maliva-p-0068/da620532923e42e89ecd8f05bc24353f_1709759118~tplv-tiktokx-origin.image?dr=14575&x-expires=1786287600&x-signature=Js%2Bmo3z9RO6FpczvhMUrMeza9%2BA%3D&t=4d5b0474&ps=13740610&shp=81f88b70&shcp=43f4a2f9&idc=my2;361;7;7;6915;amigurumi,crochet,ursinhoscarinhosos,fypシ,fyp,trend,foryoupage,capcut;amigurumi,crochet,ursinhoscarinhosos,fypシ,fyp,trend,foryoupage,CapCut;;;;
https://www.tiktok.com/search?q=#amigurumi&t=1786116607011;7539319151085604152;7539319151085604152;crochet.m4ri;crochet.m4ri;7669;1101;58;https://p16-common-sign.tiktokcdn.com/tos-maliva-avt-0068/3e4e82d0ce498beaece770bf5e732840~tplv-tiktokx-cropcenter:100:100.jpeg?dr=14579&refresh_token=16afa851&x-expires=1786287600&x-signature=6J2zozhZQyzi%2B7CWDQ3wRPG1qoI%3D&t=4d5b0474&ps=13740610&shp=a5d48078&shcp=81f88b70&idc=my2;Out of her head🫠 #crochet #amigurumi #darkcrochet #crochetbunny #croche ;@m4ri.arts;2025-08-16 22:49:00;1755384540;no;no;no;no;no;possibly in michigan;6762040632014850821;https://v16-webapp-prime.tiktok.com/video/tos/useast2a/tos-useast2a-v-27dcd7/cb2d56c82e634b44915e8f1c497ab5d3/?a=1988&bti=ODszNWYuMDE6&&bt=125&ft=GNDpcInz7ThJbzWGXq8Zmo&mime_type=audio_mpeg&rc=MzY0OWc6Zjl0NzMzNzU8M0BpMzY0OWc6Zjl0NzMzNzU8M0BlZWwxcjRfLV9gLS1kMTZzYSNlZWwxcjRfLV9gLS1kMTZzcw%3D%3D&expire=1786120319&l=20260807233101720ED249F3E8443DAACF&ply_type=3&policy=3&signature=aa33b3dff97ea35830e9a9e659155c82&tk=0&btag=e00048000;https://p16-common-sign.tiktokcdn.com/tos-maliva-avt-0068/3c6d84039a4ec7de6a35a83523409956~tplv-tiktokx-cropcenter:1080:1080.jpeg?dr=14579&refresh_token=cb854e80&x-expires=1786287600&x-signature=JNmKiHgTxcEQU6mmNS76eTiNxns%3D&t=4d5b0474&ps=13740610&shp=a5d48078&shcp=81f88b70&idc=my2;shaywee 👹;https://v16-webapp-prime.tiktok.com/video/tos/alisg/tos-alisg-ve-37c813-sg/oguAQ4LjSeSd0iWhCgGAIUQWjwRgCCeIFhI0eh/?a=1988&bti=ODszNWYuMDE6&&bt=392&ft=-Csk_mrMPD12NWzDvn-UxnJ59Y6e3wv25LcAp&mime_type=video_mp4&rc=ODw0Mzg0Zzw4MzxpZzQ3PEBpM2s7Nm85cjZqNTMzNzczM0BjYV8xYi5eX14xYS4tY2EzYSNiLW9qMmRraWRhLS1kMTZzcw%3D%3D&expire=1786289517&l=20260807233101720ED249F3E8443DAACF&ply_type=2&policy=2&signature=a901152841aaeedab8cc83d75105528d&tk=tt_chain_token&btag=e00088000;https://www.tiktok.com/@crochet.m4ri/video/7539319151085604152;https://p16-common-sign.tiktokcdn.com/tos-maliva-p-0068/oMQXhRAIQChW7gjeW0QAeLICUCGAiQF7we4dtS~tplv-tiktokx-origin.image?dr=14575&x-expires=1786287600&x-signature=gpmr6L7yDFLwHUvQ7Se0dhE9Q%2F8%3D&t=4d5b0474&ps=13740610&shp=81f88b70&shcp=43f4a2f9&idc=my2;156;6;6;2614;crochet,amigurumi,darkcrochet,crochetbunny,croche;crochet,amigurumi,darkcrochet,crochetbunny,croche;;;;
https://www.tiktok.com/search?q=#amigurumi&t=1786116607011;7389403312421965086;7389403312421965086;love2_cr0chet;Irene | ✨Crochet Artist✨;91500;12800;364;https://p16-common-sign.tiktokcdn.com/tos-maliva-avt-0068/edac8d17f9fc4849e46bf61feebeff0a~tplv-tiktokx-cropcenter:100:100.jpeg?dr=14579&refresh_token=e5287b4b&x-expires=1786287600&x-signature=wJFQRa%2BSVDwAJ85eGGjEgZny0mA%3D&t=4d5b0474&ps=13740610&shp=a5d48078&shcp=81f88b70&idc=my2;I added a few mods. This plush will be available on my Etsy this Wednesday at 8 am PST Pattern by me!! (Will telease pattern soon!!) #crochetbeginner #foryou #crochetersoftiktok #amigurumi #crochetcreations #crochetplushie #thingstocrochet #viral #caseohgames #caseoh #handmadecrochet #crochetinspo #crochetwithme #twitchstreamer #foru ;Crochet another Caseoh With me 🧡;2024-07-08 22:59:07;1720479547;no;no;no;no;no;Mamushi (feat. Yuki Chiba);7385401177967577104;https://sf16-ies-music-sg.tiktokcdn.com/obj/tos-alisg-ve-2774/oU6AtoBrKXY1gvAZmf8FG30kiIw2g7LeDHWfeG;https://p77-sg.tiktokcdn.com/aweme/720x720/tos-alisg-v-2774/oY6FScLEANZMAIQILBFmCREDgIQBABeafqgttt.jpeg;Megan Thee Stallion;https://v16-webapp-prime.tiktok.com/video/tos/alisg/tos-alisg-ve-37c799-sg/oAjCrLIeACPeYZG9TNewAIqx46gIRLAyGNvpIA/?a=1988&bti=ODszNWYuMDE6&&bt=1621&ft=-Csk_mrMPD12NWzDvn-UxKG59Y6e3wv25dcAp&mime_type=video_mp4&rc=NmZpNDpkZWQ3Nzc5aDw5NUBpM2RsbnA5cnM5dDMzaTczNEBgLmNhMzAxX2AxYy5iXjU0YSM2LTJjMmRzbjNgLS1kMTJzcw%3D%3D&expire=1786289477&l=20260807233101720ED249F3E8443DAACF&ply_type=2&policy=2&signature=ab6e5e8503da2efe89467b2ec7d62624&tk=tt_chain_token&btag=e000b8000;https://www.tiktok.com/@love2_cr0chet/video/7389403312421965086;https://p16-common-sign.tiktokcdn.com/tos-useast8-p-0068-tx2/09048991ec4a4badaf4f7805c719ef28_1720479550~tplv-tiktokx-origin.image?dr=14575&x-expires=1786287600&x-signature=i8yxX5kM%2BNolkR1qBiC%2BZgVzpuQ%3D&t=4d5b0474&ps=13740610&shp=81f88b70&shcp=43f4a2f9&idc=my2;328900;3224;10300;3400000;crochetbeginner,foryou,crochetersoftiktok,amigurumi,crochetcreations,crochetplushie,thingstocrochet,viral,caseohgames,caseoh,handmadecrochet,crochetinspo,crochetwithme,twitchstreamer,foru;crochetbeginner,foryou,crochetersoftiktok,amigurumi,crochetcreations,crochetplushie,thingstocrochet,viral,caseohgames,caseoh,handmadecrochet,crochetinspo,crochetwithme,twitchstreamer,foru;;;;
https://www.tiktok.com/search?q=#amigurumi&t=1786116607011;7573686124627905812;7573686124627905812;gurumi.studio;Gurumi Studio;1231;447;151;https://p16-common-sign.tiktokcdn.com/tos-alisg-avt-0068/6cb207926ba45948945830ad52da9621~tplv-tiktokx-cropcenter:100:100.jpeg?dr=14579&refresh_token=11a73a2f&x-expires=1786287600&x-signature=otocv%2F8lcWu6dobJmCuZDwXvvoA%3D&t=4d5b0474&ps=13740610&shp=a5d48078&shcp=81f88b70&idc=my2;crochetando essa vaquinha fofa pra chaveiro 🐮#amigurumi #croche #fy #cow #cute ;Vem comigo crochetar essa vaquinha 🐮;2025-11-17 13:30:19;1763386219;no;no;no;no;no;original sound - immortaliere;7500563208966490885;https://v16-webapp-prime.tiktok.com/video/tos/useast2a/tos-useast2a-v-27dcd7/oMrABAfDJEoUJ5oU4WzlAFe1XBoCQEqAFAAKEQ/?a=1988&bti=ODszNWYuMDE6&&bt=125&ft=GNDpcInz7ThJbzWGXq8Zmo&mime_type=audio_mpeg&rc=ang0M245cjVvMzMzNzU8M0Bpang0M245cjVvMzMzNzU8M0BmbS1iMmRraV9hLS1kMTZzYSNmbS1iMmRraV9hLS1kMTZzcw%3D%3D&expire=1786120295&l=20260807233101720ED249F3E8443DAACF&ply_type=3&policy=3&signature=ac4a655438a24b85864c75b3a837f047&tk=0&btag=e00048000;https://p16-common-sign.tiktokcdn.com/tos-maliva-avt-0068/db4b4c62885101b3010d34a4c59e17ec~tplv-tiktokx-cropcenter:1080:1080.jpeg?dr=14579&refresh_token=b321859b&x-expires=1786287600&x-signature=BT%2FeFk42Oc6Jk9Euw%2BHqwLIEWAg%3D&t=4d5b0474&ps=13740610&shp=a5d48078&shcp=81f88b70&idc=my2;immortaliere;;https://www.tiktok.com/@gurumi.studio/video/7573686124627905812;https://p16-common-sign.tiktokcdn.com/tos-alisg-p-0037/ogRkLBspAifQnF3pmyUFECGGQBdfS1bbcgDIE7~tplv-tiktokx-origin.image?dr=14575&x-expires=1786287600&x-signature=nk3WCntOQM2ZvjVAkVlptDxw70E%3D&t=4d5b0474&ps=13740610&shp=81f88b70&shcp=43f4a2f9&idc=my2;2195;25;124;42400;amigurumi,croche,fy,cow,cute;amigurumi,croche,fy,cow,cute;;;;
https://www.tiktok.com/search?q=#amigurumi&t=1786116607011;7535180281070882054;7535180281070882054;marioliveiraatelie;Mari Oliveira;40900;53700;157;https://p16-common-sign.tiktokcdn.com/tos-alisg-avt-0068/032056785121b220c05bc36b4881e1a6~tplv-tiktokx-cropcenter:100:100.jpeg?dr=14579&refresh_token=ea4d8c9d&x-expires=1786287600&x-signature=FNiwPKkvXf0OpgW1Es%2FcuH8bY1o%3D&t=4d5b0474&ps=13740610&shp=a5d48078&shcp=81f88b70&idc=my2;Porquinho fofinho🐷#crochet #amigurumi ;"Mari Oliveira
ATELIÊ ";2025-08-05 19:08:02;1754420882;no;no;no;no;no;Don't Worry, Be Happy;7001698225006577666;https://sf16-ies-music-sg.tiktokcdn.com/obj/tos-alisg-ve-2774/be232e50aff04bb0bc5c28c78fdd3982;https://p77-sg.tiktokcdn.com/aweme/720x720/tos-alisg-v-2774/a02959f89f7c49e0a8f94e6160481648.jpeg;Peter Shore;;https://www.tiktok.com/@marioliveiraatelie/video/7535180281070882054;https://p16-common-sign.tiktokcdn.com/tos-maliva-p-0068/ooAASFVQak8pDVCARfeClAE0QJEiBCAItoBbEk~tplv-tiktokx-origin.image?dr=14575&x-expires=1786287600&x-signature=%2BUQnNN6DUnll0KtgUT99m4l714w%3D&t=4d5b0474&ps=13740610&shp=81f88b70&shcp=43f4a2f9&idc=my2;9033;104;960;594100;crochet,amigurumi;crochet,amigurumi;;;;
https://www.tiktok.com/search?q=#amigurumi&t=1786116607011;7659102571411295495;7659102571411295495;lovely.amigurumi;Lovely Amigurumi;43700;12;308;https://p19-common-sign.tiktokcdn.com/tos-alisg-avt-0068/5c68c4d004297c130dfdc65800ec5b77~tplv-tiktokx-cropcenter:100:100.jpeg?dr=14579&refresh_token=70803e96&x-expires=1786287600&x-signature=%2B1xKD7dZ4LdwaO7THNn0S8moytM%3D&t=4d5b0474&ps=13740610&shp=a5d48078&shcp=81f88b70&idc=my2;DIY Cute Crochet Giraffe Amigurumi 🦒 Create your own cute giraffe family! 🦒 Watch the process and get inspired to start your next DIY project. What should I crochet next? ✨ #crochet #amigurumi #diycrafts #handmade #crochettutorial ;;2026-07-05 17:49:52;1783273792;no;no;no;no;no;Forest Morning Tune;7398015935062132753;https://sf16-ies-music-sg.tiktokcdn.com/obj/tos-alisg-ve-2774/ogWHgqDgaYmHFNxhdQfBZyrHOhFJEwtQCEBQfQ;https://p16-sg.tiktokcdn.com/aweme/720x720/tos-alisg-v-2774/oAGEEGNcItjtQc3BZf9DfBwZnPCFAAxgAZkmIO.jpeg;Tokyo Piano Elegance;https://v16-webapp-prime.tiktok.com/video/tos/alisg/tos-alisg-pve-0037c001/oQCSUQ6IDMJkpBMDgEfpAdga2FHRCqBEejSRUV/?a=1988&bti=ODszNWYuMDE6&&bt=1186&eid=20480&ft=-Csk_mrMPD12NWzDvn-UxnJ59Y6e3wv25LcAp&mime_type=video_mp4&rc=aTpnZ2lmM2U7NzhlNzg0O0BpajRzdGs5cmg8PDMzODczNEBjMC8yYjExNTMxYl9gLy5gYSNoajFlMmRrZjJhLS1kMTFzcw%3D%3D&expire=1786289470&l=20260807233101720ED249F3E8443DAACF&ply_type=2&policy=2&signature=40776491e36400845c43dd77bf95f91e&tk=tt_chain_token&btag=e00070000;https://www.tiktok.com/@lovely.amigurumi/video/7659102571411295495;https://p16-common-sign.tiktokcdn.com/tos-alisg-p-0037/oMJjbaUIvqpkiA7iIBBxZAYOoEVzKFmqEmzBI~tplv-tiktokx-origin.image?dr=14575&x-expires=1786287600&x-signature=cqU5VGdVqh%2B9UnrOHMhz4cU2MgM%3D&t=4d5b0474&ps=13740610&shp=81f88b70&shcp=43f4a2f9&idc=my2;838;30;140;30900;crochet,amigurumi,diycrafts,handmade,crochettutorial;crochet,amigurumi,diycrafts,handmade,crochettutorial;;;;
https://www.tiktok.com/search?q=#amigurumi&t=1786116607011;7418686530127973637;7418686530127973637;croche.lice;Mari;1505;23700;186;https://p19-common-sign.tiktokcdn.com/tos-maliva-avt-0068/21017ef62d29bf09a56b01da29299410~tplv-tiktokx-cropcenter:100:100.jpeg?dr=14579&refresh_token=d64a6d5f&x-expires=1786287600&x-signature=T8%2BQapru%2FWIVG%2FSPF4y6H%2BvcO3I%3D&t=4d5b0474&ps=13740610&shp=a5d48078&shcp=81f88b70&idc=my2;#girafa #amigurumi #crochetersoftiktok #crochet #receitaamigurumi @Círculo Ltda ;"Vem fazer essa 
girafinha comigo! Na verdade, 
ficou assim: É fácil fazer os chifres e as orelhas Chifres:
1. 6PB em AM;
2. 6A;
3. (PB +A) x 6;
4 a 6. 18PB;
7. (PB + D) x 6;
8. 6D;
9 a 12. 6PB.
Dobrar e costurar.

Orelhas:
1. 6PB em AM;
2. 6PB;
3. (PB + A) x 3;
4. (2PB + A) x 3;
5. (3PB + A) x 3;
6. (4PB + A) x 3;
7 a 9. 18 PB;
10. (PB + D) x 6.
Dobrar e costurar Focinho:
9 correntinhas
1. Voltar 7PB, 3PB no mesmo ponto, 6PB, A
2. A, 6PB, 3A, 6PB, 2A
3. PB, A, 6PB, (PB + A) x 3, 6PB, (PB + A) x 2
4. 2PB, A, 6PB, (2PB +A) x 3, 6PB, (2PB + A) x 2
5 e 6. Apenas pontos baixos. Para o focinho, usamos o crochê oval Pernas:
1. 6PB em AM
2. 6A
3. (PB +A) x 6
4. (2PB + A) x 6
5. (3PB + A) x 6
6 a 9. 30 PB
10. (3PB + D) x 6
11 a 13. 24PB
14. (2PB + D) x 6
15 a 18. 18PB
19. (PB + D) x 6
Dobrar e costurar

Braços:
1. 6PB em AM
2. 6A
3. (PB + A) x 6
4. (2PB + A) x 6
5 a 8. 24PB
9. (2PB + D) x 6
10 a 16. 18PB
17. (PB + D) x 6
18 a 24. 12PB
Dobrar e costurar Vamos finalizar com os braços e pernas Depois é só costurar e fazer os detalhes ao seu gosto O que acharam? Ficou linda, não foi?

Beijuus 
Vem fazer essa 
girafinha comigo!";2024-09-25 20:52:52;1727297572;no;no;no;no;no;Fofura Demais;7277694905783027714;https://sf16-ies-music-sg.tiktokcdn.com/obj/tos-alisg-ve-2774/ooRd5Yr8fQJFKRhkw1DvC8fazD7nUANgfQbHzW;https://p16-sg.tiktokcdn.com/aweme/720x720/tos-alisg-v-2774/o8feAfnAAIJA8H3HlgbCzBG0chxYk5a8FDDQsI.jpeg;Dom Vinheta;https://webapp-sg.tiktok.com/3c4bc5949d70e4704889e01b835cdeee/6a789d5f/kmoat/mps/logo/v2/r/p/v09044g40000crq7etfog65jljc00ae0/ab24c3407e4a42ea87464c6f23aa14db/4b38e80bf50d5af2c6273d9beda20220/mp4/main.mp4?a=1988&bti=ODszNWYuMDE6&&bt=0&eid=1286&ft=bLZkAmrMPD12NVzDvn-UxCNFPY6e3wv25ycAp&mime_type=video_mp4&rc=cnF8b2hsc2d3SkBwaHIxaDFybndmZTdkNmlmOTpkNWRoMzY3ZUBpM2QzbW05cnc6dTMzNzczM0BjRl5Nc3FePmJKYSNvYF90aHFmOiNhLl4vMzExNWIxMTQxYC9eYSNiLWBpMmRjYm5gLS1kMTZzcw%3D%3D&definition=720p&du=39&item_id=7418686530127973637&l=202608072331048833B4F7A42DBC3A0C4D&logo_type=tiktok_m&ply_type=2&policy=eyJ2bSI6MiwiY2siOiJ0dF9jaGFpbl90b2tlbiJ9&user_text=croche.lice&btag=e00088000;https://www.tiktok.com/@croche.lice/video/7418686530127973637;https://p16-common-sign.tiktokcdn.com/tos-maliva-p-0068/36400454a369472abf9b2695df0bdec5_1727297575~tplv-tiktokx-dmt-logom:tos-useast2a-v-0068/okXogmlLEGLHAFaHbAJIAQBeChA9CUD1EQCfRA.image?dr=14573&x-expires=1786287600&x-signature=v%2FsBuH%2BaIsq2qvlv0zFSS2vKBko%3D&t=4d5b0474&ps=13740610&shp=81f88b70&shcp=43f4a2f9&idc=my2;898;33;157;66800;girafa,amigurumi,crochetersoftiktok,crochet,receitaamigurumi;girafa,amigurumi,crochetersoftiktok,crochet,receitaamigurumi;;;;
https://www.tiktok.com/search?q=#amigurumi&t=1786116607011;7259951421586558213;7259951421586558213;keizyamigorumis;keizyamigorumis;10500;45;33;https://p16-common-sign.tiktokcdn.com/tos-maliva-avt-0068/e08e6f0aac471136c4e47e08bb8f89f2~tplv-tiktokx-cropcenter:100:100.jpeg?dr=14579&refresh_token=b6918901&x-expires=1786287600&x-signature=2WE0d4CPMwHmz4Wan5nUrav8SUI%3D&t=4d5b0474&ps=13740610&shp=a5d48078&shcp=81f88b70&idc=my2;Vou ter que fazer o vídeo em partes, para explicar melhor sobre cada etapa da receita do Amigurumi, como é para iniciantes vou fazer devagar e bem detalhado.  #amigurumipassoapasso #crocheiniciante #amigurumi #crochedozero #amigurumiscrochet #patrones #amigurumipattern #passoapassocroche ;"Parte 1 Amigurumi passo a passo do zero para iniciantes  ou como se sentir confortável  segue pra não perder os próximos vídeos  Dúvidas deixa nos comentários  E importante passar a agulha em baixo dos dois fios para o anel Mágico funcionar  Dúvidas deixa nos comentários  segue pra não perder os próximos vídeos  Dúvidas deixa nos comentários  Totalizando 12 pontos baixos  chamamos de ponto falso  Essa segunda ponta de linha que sobrou e do anel Mágico  segue pra não perder os próximos vídeos  Vou postar a parte 2 o mais rápido possível 
Pontos básicos amigurumi ";2023-07-26 02:39:26;1690339166;no;no;no;no;no;No piano(863500);6873508075043555330;https://sf16-ies-music-sg.tiktokcdn.com/obj/tos-alisg-ve-2774/0c1d9c6ec74c4531899a8e604d4be09a;https://p77-sg.tiktokcdn.com/aweme/720x720/tos-alisg-v-2774/43faa110cb7545508bcb8448e005da2d.jpeg;zomap;https://v16-webapp-prime.tiktok.com/video/tos/alisg/tos-alisg-ve-37c813-sg/oUZUbAnwqhzB5eRbkLAGbgJEQQ8ABFFofBbIDt/?a=1988&bti=ODszNWYuMDE6&&bt=939&ft=-Csk_mrMPD12NVzDvn-UxCNFPY6e3wv25ycAp&mime_type=video_mp4&rc=Ozk7OzY0ZTQ2OWU7Njk7N0BpajNxcmc6Zms7bTMzNzczM0AxYjU0NjY2NjUxMWMyY2NhYSNeYWlmcjRnYS1gLS1kMTZzcw%3D%3D&expire=1786289735&l=202608072331048833B4F7A42DBC3A0C4D&ply_type=2&policy=2&signature=457084b9abbc6942e229dd28f40b599d&tk=tt_chain_token&btag=e00098000;https://www.tiktok.com/@keizyamigorumis/video/7259951421586558213;https://p16-common-sign.tiktokcdn.com/tos-maliva-p-0068/oI1ELzYxIAkjlgACNghhT2N2zErIowftyAAiVN~tplv-tiktokx-dmt-logom:tos-useast2a-v-0068/oEWEhDfwbEzn9MAAAnAQN2hmkDIoR9cBJAHf4C.image?dr=14573&x-expires=1786287600&x-signature=JKw0LuJ3aAkVZipYudHkZcr8tT4%3D&t=4d5b0474&ps=13740610&shp=81f88b70&shcp=43f4a2f9&idc=my2;36300;355;1808;710500;amigurumipassoapasso,crocheiniciante,amigurumi,crochedozero,amigurumiscrochet,patrones,amigurumipattern,passoapassocroche;amigurumipassoapasso,crocheiniciante,amigurumi,crochedozero,amigurumiscrochet,patrones,amigurumipattern,passoapassocroche;;;;
https://www.tiktok.com/search?q=#amigurumi&t=1786116607011;7631994539296787719;7631994539296787719;raquelrocha_atelie;raquel_atelie;8584;2088;199;https://p16-common-sign.tiktokcdn.com/tos-alisg-avt-0068/3ee604e3f91802e854156921ba832c60~tplv-tiktokx-cropcenter:100:100.jpeg?dr=14579&refresh_token=5b802698&x-expires=1786287600&x-signature=30qJleApPgwekH5RVvMhYmBqjuE%3D&t=4d5b0474&ps=13740610&shp=a5d48078&shcp=81f88b70&idc=my2;Vocês pediram e eu ouvi! 🥰 Tutorial completo do gatinho chaveiro em partes — pra você fazer com calma, pausar quantas vezes quiser. Começa pela Parte 1! 🐱🧶#amigurumi #crochetersoftiktok #tutorial ;Vou soltar o tutorial do gatinho ;2026-04-23 16:36:48;1776962208;no;no;no;no;no;Starry Smile;7611958375663880209;https://sf16-ies-music-sg.tiktokcdn.com/obj/tos-alisg-ve-2774/oQos0QWs1IijWHuAi0Yw45BziAfQBAIDiMIjZk;https://p16-sg.tiktokcdn.com/aweme/720x720/tos-alisg-v-2774/oA5zAwvBoE2BsI0WWHQGC0zYjAHBPi4AiAAfEw.jpeg;Som Louvor;https://v16-webapp-prime.tiktok.com/video/tos/alisg/tos-alisg-ve-37c815-sg/ogHJQffdDBXpFPnEJqESkRIv6BUEC9sgpMRTlA/?a=1988&bti=ODszNWYuMDE6&&bt=1052&ft=-Csk_mrMPD12NVzDvn-UxCNFPY6e3wv25ycAp&mime_type=video_mp4&rc=OWVlZzRmMzM3NGhnOmdpOkBpanlpbW45cmw3OjMzODczNEBeNWFfMzEvNWIxXi5hNDBhYSNyYGpkMmRjZmlhLS1kMTFzcw%3D%3D&expire=1786289521&l=202608072331048833B4F7A42DBC3A0C4D&ply_type=2&policy=2&signature=e99392f2f49f4561d4dd8919a78744db&tk=tt_chain_token&btag=e00088000;https://www.tiktok.com/@raquelrocha_atelie/video/7631994539296787719;https://p16-common-sign.tiktokcdn.com/tos-alisg-p-0037/oEfqJClE7dRnEILIzBFpASLDg9UBPBGrfk6Esp~tplv-tiktokx-origin.image?dr=14575&x-expires=1786287600&x-signature=GPbfOfMjR6bvDGA9hrnI4PZZsYc%3D&t=4d5b0474&ps=13740610&shp=81f88b70&shcp=43f4a2f9&idc=my2;674;42;32;13000;amigurumi,crochetersoftiktok,tutorial;amigurumi,crochetersoftiktok,tutorial;;;;
https://www.tiktok.com/search?q=#amigurumi&t=1786116607011;7600423293962734878;7600423293962734878;user2453618113930;星星手作;3769;60;33;https://p16-common-sign.tiktokcdn.com/tos-maliva-avt-0068/c7df446e12251239122c35db8bc85e31~tplv-tiktokx-cropcenter:100:100.jpeg?dr=14579&refresh_token=a1642d98&x-expires=1786287600&x-signature=zslk10RnFexfHj3xpcF4xAMZXpc%3D&t=4d5b0474&ps=13740610&shp=a5d48078&shcp=81f88b70&idc=my2;A hug from a long-necked sloth is double the healing #crochet #amigurumi #diycrafts #crochettutorial #handmadetoys ;;2026-01-28 14:44:35;1769611475;no;no;no;no;no;活力轻快 俏皮口哨;7492265298432018451;;https://p77-sign-sg.tiktokcdn.com/tos-alisg-v-2774/oc9nkAIerAnHg1CvIfHtBKkkgC8dZ8KD4A5tbA~720x720.jpeg?lk3s=08d74b56&x-expires=1786138265&x-signature=nErxbqws5qpOizlbEYume2An%2FNk%3D;JeffryKeys;https://v16-webapp-prime.tiktok.com/video/tos/maliva/tos-maliva-ve-0068c799-us/oYnygq8FpGA7gY0f4DLqIjSAnI2AZCe9RjeooI/?a=1988&bti=ODszNWYuMDE6&&bt=1265&ft=-Csk_mrMPD12NVzDvn-UxCNFPY6e3wv25ycAp&mime_type=video_mp4&rc=OzQ1NDY5OmgzPGhpOjxkNEBpajk2b3Q5cm80ODMzaTczNEBhNl8xNi5iXmAxMGAxY2BeYSNjb2VkMmQ0cHFhLS1kMTJzcw%3D%3D&expire=1786289550&l=202608072331048833B4F7A42DBC3A0C4D&ply_type=2&policy=2&signature=f08a488bdaf5127e4390df25fd46f90e&tk=tt_chain_token&btag=e00090000;https://www.tiktok.com/@user2453618113930/video/7600423293962734878;https://p16-common-sign.tiktokcdn.com/tos-useast8-p-0068-tx2/oMdqABBEoAiRiBofCA369K0NIBIyvARuiIMBAE~tplv-tiktokx-origin.image?dr=14575&x-expires=1786287600&x-signature=EXjYPvAGW%2BCMfRPBVkLm%2FXB2scg%3D&t=4d5b0474&ps=13740610&shp=81f88b70&shcp=43f4a2f9&idc=my2;8087;57;1956;311400;crochet,amigurumi,diycrafts,crochettutorial,handmadetoys;crochet,amigurumi,diycrafts,crochettutorial,handmadetoys;;;;
https://www.tiktok.com/search?q=#amigurumi&t=1786116607011;7598633709230722325;7598633709230722325;ateliedavik;Ateliê da Vik;2792;1055;22;https://p16-common-sign.tiktokcdn.com/tos-maliva-avt-0068/1a78279dd7118e61a4124592c9448a76~tplv-tiktokx-cropcenter:100:100.jpeg?dr=14579&refresh_token=f786bd58&x-expires=1786287600&x-signature=T10QQ77oVQ3nQS%2Bv6MO9fi%2BuZSU%3D&t=4d5b0474&ps=13740610&shp=a5d48078&shcp=81f88b70&idc=my2;Receita grátis - Amigurumi tic tac interativo 🩷  Fio amigurumi e agulha 2.2mm  Medidas do meu tic tac 1,5x5cm 1) 6pb no am 2) 6au = 12 3) (1pb,au)x6 = 18 4) (5pb,au)x3 = 21 5-17) 21pb 18) (5pb,dim)x3 = 18 não precisa de enchimento, coloque apenas a presilha dentro  19) (1pb,dim)x6 = 12 20) 6dim  ** importante: meça a presilha conforme faz seu amigurumi, se ela for mais larga, faça mais carreiras de aumento. Mesma coisa em relação a altura, se ela for maior, faça mais carreiras retas. Na hora de diminuir, siga a mesma proporção que vc usou pra aumentar.  RECEITA COMPLETA DO FLAMINGO NO MEU CANAL 😉🩷🦩 link na bio #fyp #amigurumi #tutorialcrochet #receitagratis ;Flamingo amigurumi interativo 🩷🦩;2026-01-23 18:59:57;1769194797;no;no;no;no;no;som original;7598633974407219984;https://v16-webapp-prime.tiktok.com/video/tos/alisg/tos-alisg-v-27dcd7/owJPnTA5eEgeaqHrAGTSyVCcFIDgLoo9R4ExeI/?a=1988&bti=ODszNWYuMDE6&&bt=125&ft=GNDpcInz7Th6bzWGXq8Zmo&mime_type=audio_mpeg&rc=ZzhnNjZnM2ZoPGQ4NzU0ZUBpam48Omw5cm52ODMzODU8NEAuYWIxXjI0NTIxYDYuNV82YSNvcjEvMmRzXm1hLS1kMS1zcw%3D%3D&expire=1786120340&l=202608072331048833B4F7A42DBC3A0C4D&ply_type=3&policy=3&signature=c7d553dfd0da65fe112163210d14fb7e&tk=0&btag=e00050000;https://p16-common-sign.tiktokcdn.com/tos-maliva-avt-0068/1a78279dd7118e61a4124592c9448a76~tplv-tiktokx-cropcenter:1080:1080.jpeg?dr=14579&refresh_token=17b99486&x-expires=1786287600&x-signature=I6UzvnuNCUnNEhCEO3HIo29U3P8%3D&t=4d5b0474&ps=13740610&shp=a5d48078&shcp=81f88b70&idc=my2;Ateliê da Vik;https://v16-webapp-prime.tiktok.com/video/tos/alisg/tos-alisg-pve-0037c001/o84A6AlFAujI4eoSjboCDdIcGIIfQgLnQDR5eG/?a=1988&bti=ODszNWYuMDE6&&bt=932&eid=20480&ft=-Csk_mrMPD12NVzDvn-UxCNFPY6e3wv25ycAp&mime_type=video_mp4&rc=OGc6ZGlmaDM0ZjkzZDw7OEBpMzNqcXk5cnJ2ODMzODczNEAvXzMxYDMzNjAxXjQtLzVjYSNecTVfMmRrNW1hLS1kMTFzcw%3D%3D&expire=1786289540&l=202608072331048833B4F7A42DBC3A0C4D&ply_type=2&policy=2&signature=f1b93594f34f9cd70fc76c2f98baee9c&tk=tt_chain_token&btag=e00048000;https://www.tiktok.com/@ateliedavik/video/7598633709230722325;https://p16-common-sign.tiktokcdn.com/tos-alisg-p-0037/o0ZI63L5BgGeF9MAjQrAe0IdSPg4jfQDocU4FC~tplv-tiktokx-dmt-logom:tos-alisg-i-0068/okAhFJXzXKAABIvBShPBaxA8EiYBXiAE3lPK2.image?dr=14573&x-expires=1786287600&x-signature=jyT72hBlz6C8cvfvNhnWLf4sNnw%3D&t=4d5b0474&ps=13740610&shp=81f88b70&shcp=43f4a2f9&idc=my2;13700;70;2442;552200;fyp,amigurumi,tutorialcrochet,receitagratis;fyp,amigurumi,tutorialcrochet,receitagratis;;;;
https://www.tiktok.com/search?q=#amigurumi&t=1786116607011;7341992718584827142;7341992718584827142;dreamssamigurumis;Curso Patrónes & Amigurumis;9832;24100;371;https://p16-common-sign.tiktokcdn.com/tos-maliva-avt-0068/b70eaec9f665a5075d255fb59b30d090~tplv-tiktokx-cropcenter:100:100.jpeg?dr=14579&refresh_token=d7efb575&x-expires=1786287600&x-signature=jJ3gdFIA8apfL3D%2FD5uAfpls7GQ%3D&t=4d5b0474&ps=13740610&shp=a5d48078&shcp=81f88b70&idc=my2;Amigurumis pato  #manualidades #amigurumiscrochet #amigurumi #tejidos #crochet #tejidosamano ;"Mira estos mini Amigurumis 😊 Últimamente se están volviendo muy buscados por los clientes  Así que ya sabes que es lo próximo que puedes confeccionar😄
Pato Amigurumi";2024-03-03 04:41:35;1709440895;no;no;no;no;no;Until I Found You (sped up + reverb) - TikTok Remix;7234983520584943618;;https://p16-sign-sg.tiktokcdn.com/tos-alisg-v-2774/6f4ab571d0a14fcf8c9b0ed34e3e73ee~720x720.jpeg?lk3s=08d74b56&x-expires=1786138265&x-signature=Nt8t42QCremtGN5d%2FKUaGxh0FNY%3D;TommyMuzzic & ZeddMusique;https://v16-webapp-prime.tiktok.com/video/tos/maliva/tos-maliva-ve-0068c801-us/o0MfXKfeAN0RxA4vUfIWQn8HgJ289IZHCAMfiT/?a=1988&bti=ODszNWYuMDE6&&bt=1646&ft=-Csk_mrMPD12NVzDvn-UxCNFPY6e3wv25ycAp&mime_type=video_mp4&rc=cnF8b2hsc2d3SkBwaHIxaDFybndmZWk8ZDRoM2Y0NzdpNjs7NUBpamZ4Oms5cnl5cTMzNzczM0BjRl5Nc3FePmJKYSNvYF90aHFmOiMwMl8wMzYuNi4xYDM2M2MtYSNecmppMmRzcGVgLS1kMTZzcw%3D%3D&expire=1786289476&l=202608072331048833B4F7A42DBC3A0C4D&ply_type=2&policy=2&signature=5a1295f2a40b51e66dfc0cb57b1b8098&tk=tt_chain_token&btag=e000b0000;https://www.tiktok.com/@dreamssamigurumis/video/7341992718584827142;https://p16-common-sign.tiktokcdn.com/tos-maliva-p-0068/20cca9b340f14a42b18e99330502791d_1709440898~tplv-tiktokx-dmt-logom:tos-useast2a-v-0068/osRpeNQAkAALEIffO2G20jedA7GpFIAgqAsX1P.image?dr=14573&x-expires=1786287600&x-signature=fNkqCnFb2aZ%2FxK%2FWajZ56r%2FCy9M%3D&t=4d5b0474&ps=13740610&shp=81f88b70&shcp=43f4a2f9&idc=my2;1927;43;309;141500;manualidades,amigurumiscrochet,amigurumi,tejidos,crochet,tejidosamano;manualidades,amigurumiscrochet,amigurumi,tejidos,crochet,tejidosamano;;;;
https://www.tiktok.com/search?q=#amigurumi&t=1786116607011;7529594000790015237;7529594000790015237;atelietresbonecas;Ateliê Três Bonecas;3663;24;131;https://p16-common-sign.tiktokcdn.com/tos-alisg-avt-0068/c8173463ba4b922500480e5cbb992e11~tplv-tiktokx-cropcenter:100:100.jpeg?dr=14579&refresh_token=2b36e365&x-expires=1786287600&x-signature=V2htaA3MzY0E33EKcdxw4P7Qei4%3D&t=4d5b0474&ps=13740610&shp=a5d48078&shcp=81f88b70&idc=my2;O fio Chenille veio pra ficar! Jamais sonhei em fazer um amigurumi tão grande em tão pouco tempo e ainda ter esse aspecto SUPER FOFO!  Só mesmo a @circuloprodutos pra nos proporcionar esse experiência! 😍 Engajem muito nesse vídeo bonecas, vamos realizar o sonho da sua Prof de ser Parceira da @circuloprodutos 🥹🙏🏼 #soucirculo #circuloprodutos #fiochenille #amigurumichenille #amigurumeiras;;2025-07-21 17:50:23;1753120223;no;no;no;no;no;som original;7529594011437583109;https://v16-webapp-prime.tiktok.com/video/tos/useast2a/tos-useast2a-v-27dcd7/oI3yeJGf4enFeLm8h7oFvQkQAgQ5E9SwbmWPIY/?a=1988&bti=ODszNWYuMDE6&&bt=125&ft=GNDpcInz7Th6bzWGXq8Zmo&mime_type=audio_mpeg&rc=aDY0ZTY5N2ZpZzg0PGdpO0BpM2R2aW85cnI6NDMzNzU8M0BiNTRiM2IuNjUxNi0wLzUxYSM0YG9rMmRrb3NhLS1kMTZzcw%3D%3D&expire=1786120281&l=202608072331048833B4F7A42DBC3A0C4D&ply_type=3&policy=3&signature=15f7c5094f22074edc9f3d19808648c4&tk=0&btag=e00078000;https://p16-common-sign.tiktokcdn.com/tos-alisg-avt-0068/c8173463ba4b922500480e5cbb992e11~tplv-tiktokx-cropcenter:1080:1080.jpeg?dr=14579&refresh_token=068d410f&x-expires=1786287600&x-signature=yABj9gEqjoWrRvVrbnYaGguacTk%3D&t=4d5b0474&ps=13740610&shp=a5d48078&shcp=81f88b70&idc=my2;Ateliê Três Bonecas;https://webapp-sg.tiktok.com/5d5de73aac0846ef032b2655ce7ca0e2/6a789d49/kmoat/mps/logo/v2/r/p/v09044g40000d1v7r5nog65rf68113qg/2368f6333d0a430b9b79d376129890cc/68d8ee5dfacc9713f185a9bea68e6d3c/mp4/main.mp4?a=1988&bti=ODszNWYuMDE6&&bt=0&eid=1286&ft=bLZkAmrMPD12NVzDvn-UxCNFPY6e3wv25ycAp&mime_type=video_mp4&rc=cnF8b2hsc2d3SkBwaHIxaDFybndmZjM7NTk2PGVlNmRnNjk7NkBpajY0OXU5cjg6NDMzNzczM0BjRl5Nc3FePmJKYSNvYF90aHFmOiNgNjYuNGE0Ni0xLTAwYzMvYSNuLjVjMmRrb3NhLS1kMTZzcw%3D%3D&definition=720p&du=17&item_id=7529594000790015237&l=202608072331048833B4F7A42DBC3A0C4D&logo_type=tiktok_m&ply_type=2&policy=eyJ2bSI6MiwiY2siOiJ0dF9jaGFpbl90b2tlbiJ9&user_text=atelietresbonecas&btag=e000b8000;https://www.tiktok.com/@atelietresbonecas/video/7529594000790015237;https://p16-common-sign.tiktokcdn.com/tos-maliva-p-0068/owIxrbIgSFAFcEnfDvjv3ffsA3DKCEAQNAdQC8~tplv-tiktokx-origin.image?dr=14575&x-expires=1786287600&x-signature=kBiRh64guoXCSQkuLVynXCKeq9s%3D&t=4d5b0474&ps=13740610&shp=81f88b70&shcp=43f4a2f9&idc=my2;1418;35;49;31400;soucirculo,circuloprodutos,fiochenille,amigurumichenille,amigurumeiras;soucirculo,circuloprodutos,fiochenille,amigurumichenille,amigurumeiras;;;;
https://www.tiktok.com/search?q=#amigurumi&t=1786116607011;7426858460270136581;7426858460270136581;monick.crochet;Monick_Crochet;1771;892;87;https://p16-common-sign.tiktokcdn.com/tos-maliva-avt-0068/6d70233cab2a81e8e39e486f1189b537~tplv-tiktokx-cropcenter:100:100.jpeg?dr=14579&refresh_token=071e39e2&x-expires=1786287600&x-signature=mQ9AZg85VQYtn5NJ6mwi3Ln4wTM%3D&t=4d5b0474&ps=13740610&shp=a5d48078&shcp=81f88b70&idc=my2;"Aquí tienes una descripción sugerida para TikTok sobre un dinosaurio Amigurumi: ""¡lConoce a Dino, el dinosaurio más adorable hecho a mano en crochet! 🦕✨ Este Amigurumi es perfecto #paratii #fyp #emprendimiento #lima #HechoAMano #Amigurumi #monick_crochet ";@monick_crochet ;2024-10-17 21:24:04;1729200244;no;no;no;no;no;sonido original;7067277773215386414;https://v16-webapp-prime.tiktok.com/video/tos/maliva/tos-maliva-v-27dcd7c799-us/5faabe3e0d56490fb8c2aa297039bed1/?a=1988&bti=ODszNWYuMDE6&&bt=118&ft=GNDpcInz7Th6bzWGXq8Zmo&mime_type=audio_mp4&rc=MzRwa2Y6ZmczOzMzZzU8NEBpMzRwa2Y6ZmczOzMzZzU8NEBfZmsxcjRfNF5gLS1kMS9zYSNfZmsxcjRfNF5gLS1kMS9zcw%3D%3D&expire=1786120284&l=202608072331048833B4F7A42DBC3A0C4D&ply_type=3&policy=3&signature=86c302dd11855597e57a62198cfa81c8&tk=0&btag=e00078000;https://p16-common-sign.tiktokcdn.com/tos-maliva-avt-0068/fd3a62dc72d1843074e28f97d3445297~tplv-tiktokx-cropcenter:1080:1080.jpeg?dr=14579&refresh_token=70e31364&x-expires=1786287600&x-signature=N59i4ZvZr8Omgky4%2B6rH98%2BKiic%3D&t=4d5b0474&ps=13740610&shp=a5d48078&shcp=81f88b70&idc=my2;Sandy;https://webapp-sg.tiktok.com/b313fdffa06f7b67fc9db008c3a71c4a/6a789d46/kmoat/mps/logo/v2/r/p/v09044g40000cs8o05vog65kv5gel2pg/6ec7a047616448e3b7a61f0cb43f522d/8e92fee1d7c99cf5a154c227352d6152/mp4/main.mp4?a=1988&bti=ODszNWYuMDE6&&bt=0&ft=bLZkAmrMPD12NVzDvn-UxCNFPY6e3wv25ycAp&mime_type=video_mp4&rc=cnF8b2hsc2d3SkBwaHIxaDFybndmZzVpN2ZpOTo2Ozc0OjM6aEBpajVoOG45cjhydjMzNzczM0BjRl5Nc3FePmJKYSNvYF90aHFmOiMvMjBfLS5eX2IxMzMxXmAzYSNtaWRzMmRzLTVgLS1kMTZzcw%3D%3D&definition=720p&du=14&item_id=7426858460270136581&l=202608072331048833B4F7A42DBC3A0C4D&logo_type=tiktok&ply_type=2&policy=eyJ2bSI6MiwiY2siOiJ0dF9jaGFpbl90b2tlbiJ9&user_text=monick.crochet&btag=e000b0000;https://www.tiktok.com/@monick.crochet/video/7426858460270136581;https://p16-common-sign.tiktokcdn.com/tos-maliva-p-0068/oYukvgBVEiAAI8BinAiEAgCAgzMkfIdRzpCAou~tplv-tiktokx-origin.image?dr=14575&x-expires=1786287600&x-signature=SgKd3rzk8TFo3Qw9oSthJ1wUwks%3D&t=4d5b0474&ps=13740610&shp=81f88b70&shcp=43f4a2f9&idc=my2;6001;237;582;186900;paratii,fyp,emprendimiento,lima,hechoamano,amigurumi,monick_crochet;paratii,fyp,emprendimiento,lima,hechoamano,amigurumi,monick_crochet;;;;
https://www.tiktok.com/search?q=#amigurumi&t=1786116607011;7531832394874129720;7531832394874129720;atelie.lisart;Ateliê Lis Art;7509;17100;51;https://p16-common-sign.tiktokcdn.com/tos-maliva-avt-0068/0ead839fc162a564c1c08395a850c3ac~tplv-tiktokx-cropcenter:100:100.jpeg?dr=14579&refresh_token=14bd7302&x-expires=1786287600&x-signature=mq1RRppVoMkUfUlKBCbxnIavIuw%3D&t=4d5b0474&ps=13740610&shp=a5d48078&shcp=81f88b70&idc=my2;Canal: Lis Art Crochê ❤️ Receita escrita disponível aqui no perfil.  #comotreinarseudragao #amigurumi #crochet #amigurumidoll #patterndesign #fy #banguela #receitaamigurumi #freepattern ;Liberei gratuitamente a receita mais fofa do Banguela ❤️;2025-07-27 18:36:29;1753641389;no;no;no;no;no;original sound;7080805182547692290;https://v16-webapp-prime.tiktok.com/video/tos/alisg/tos-alisg-v-27dcd7/70acfae06f2441beb2e0243a4f03bfc6/?a=1988&bti=ODszNWYuMDE6&&bt=120&ft=GNDpcInz7Th6bzWGXq8Zmo&mime_type=audio_mp4&rc=anFvNDc6Zm00PDMzODU8NEBpanFvNDc6Zm00PDMzODU8NEBfY3EwcjRvMi9gLS1kMS1zYSNfY3EwcjRvMi9gLS1kMS1zcw%3D%3D&expire=1786120279&l=202608072331048833B4F7A42DBC3A0C4D&ply_type=3&policy=3&signature=fa830a08b504cfe9176a9ff259e80ed5&tk=0&btag=e00078000;https://p16-common-sign.tiktokcdn.com/tos-alisg-avt-0068/5b6812c4701b7046b225fc8ea9484344~tplv-tiktokx-cropcenter:1080:1080.jpeg?dr=14579&refresh_token=2e8a0cd0&x-expires=1786287600&x-signature=uBSAxSAokurDrxHO3RQzNkLfnbM%3D&t=4d5b0474&ps=13740610&shp=a5d48078&shcp=81f88b70&idc=my2;Madi (Hiccstrid’s version);https://v16-webapp-prime.tiktok.com/video/tos/useast2a/tos-useast2a-ve-0068c003/oMimMBICIgAfcE1yQ0JoYkGnkAihQjQBzQ8IM9/?a=1988&bti=ODszNWYuMDE6&&bt=682&ft=-Csk_mrMPD12NVzDvn-Ux012LY6e3wv25LcAp&mime_type=video_mp4&rc=PGc2NGg5aDxlaDdoaDg5OkBpM2psOXc5cjc6NTMzNzczM0A2NjMyMzZeXjAxLTIwXzMwYSNmYi4wMmRjLjBhLS1kMTZzcw%3D%3D&expire=1786289474&l=202608072331048833B4F7A42DBC3A0C4D&ply_type=2&policy=2&signature=ceb7ace0e9bba5fafd39ffaee53377ca&tk=tt_chain_token&btag=e000b0000;https://www.tiktok.com/@atelie.lisart/video/7531832394874129720;https://p16-common-sign.tiktokcdn.com/tos-maliva-p-0068/owQGRDACeFXOIEej5YNCT2AAIES1MqAIDgeLj4~tplv-tiktokx-origin.image?dr=14575&x-expires=1786287600&x-signature=iVEK%2FZ2UXZDGxHRJI5eGNnMYc28%3D&t=4d5b0474&ps=13740610&shp=81f88b70&shcp=43f4a2f9&idc=my2;13800;91;1041;124700;comotreinarseudragao,amigurumi,crochet,amigurumidoll,patterndesign,fy,banguela,receitaamigurumi,freepattern;comotreinarseudragao,amigurumi,crochet,amigurumidoll,patterndesign,fy,banguela,receitaamigurumi,freepattern;;;;
https://www.tiktok.com/search?q=#amigurumi&t=1786116607011;7336378626381810950;7336378626381810950;artesdairis;íris;1999;2565;45;https://p16-common-sign.tiktokcdn.com/tos-maliva-avt-0068/7315826302485495814~tplv-tiktokx-cropcenter:100:100.jpeg?dr=14579&refresh_token=ed5bd379&x-expires=1786287600&x-signature=qJg4DUj8%2BzrLDFy%2BWh3lTmJOoBk%3D&t=4d5b0474&ps=13740610&shp=a5d48078&shcp=81f88b70&idc=my2;Eu amei fazer cada detalhe dessa encomenda💕🥹 Quer encomendar um amigurumi especialmente para você?  É só me mandar uma mensagem na rede vizinha (link no perfil) la tem todas as informações🥰💌 #croche #crochet #crochetersoftiktok #amigurumi #fyyyyyyyyyyyyyyyy #unicorn #unicorniotiktok #aesthetic #presentescriativos ;;2024-02-17 01:36:04;1708133764;no;no;no;no;no;Ghibli-style nostalgic waltz;6817306569852585985;https://sf16-ies-music-sg.tiktokcdn.com/obj/tos-alisg-ve-2774/3f013dcdb5844cefb3f34bac318daf1a;https://p77-sg.tiktokcdn.com/aweme/720x720/tos-alisg-v-2774/7f626a8c00214198a2204b0065e5b837.jpeg;MaSssuguMusic;https://v16-webapp-prime.tiktok.com/video/tos/useast2a/tos-useast2a-ve-0068c002/oQQNwVBlf0O6OFq70YiDTQgCJDBfAcDx6IRaEJ/?a=1988&bti=ODszNWYuMDE6&&bt=1488&ft=-Csk_mrMPD12NVzDvn-Ux012LY6e3wv25LcAp&mime_type=video_mp4&rc=OmQ0NjY5Zjw1Z2Y0aTU7NEBpMzRvdXQ5cjo8cTMzNzgzM0AyXjBiXi01NmIxX19hLS4wYSNqXl8tMmQ0NDVgLS1kLzZzcw%3D%3D&expire=1786289509&l=202608072331048833B4F7A42DBC3A0C4D&ply_type=2&policy=2&signature=862cc1ee03c38b9f2abf80e912480ce3&tk=tt_chain_token&btag=e00088000;https://www.tiktok.com/@artesdairis/video/7336378626381810950;https://p16-common-sign.tiktokcdn.com/tos-maliva-p-0068/ogdQTi05NdtSCQBBI5Zil3UnEC6BGBsTkAPAV~tplv-tiktokx-origin.image?dr=14575&x-expires=1786287600&x-signature=z81GZC76XGLEih9wjB2L4ntsDFs%3D&t=4d5b0474&ps=13740610&shp=81f88b70&shcp=43f4a2f9&idc=my2;793;20;36;16400;croche,crochet,crochetersoftiktok,amigurumi,fyyyyyyyyyyyyyyyy,unicorn,unicorniotiktok,aesthetic,presentescriativos;croche,crochet,crochetersoftiktok,amigurumi,fyyyyyyyyyyyyyyyy,unicorn,unicorniotiktok,aesthetic,presentescriativos;;;;
